sensor,reading,timestamp
s0,0,2026-09-01T00:00:00
s1,1,2026-09-02T01:00:00
s2,2,2026-09-03T02:00:00
s3,3,2026-09-04T03:00:00
s4,4,2026-09-05T04:00:00
s5,5,2026-09-06T05:00:00
s6,6,2026-09-07T06:00:00
s7,7,2026-09-08T07:00:00
s8,8,2026-09-09T08:00:00
s9,9,2026-09-10T09:00:00
s10,10,2026-09-11T10:00:00
s0,11,2026-09-12T11:00:00
s1,12,2026-09-13T12:00:00
s2,13,2026-09-14T13:00:00
s3,14,2026-09-15T14:00:00
s4,15,2026-09-16T15:00:00
s5,16,2026-09-17T16:00:00
s6,17,2026-09-18T17:00:00
s7,18,2026-09-19T18:00:00
s8,19,2026-09-20T19:00:00
s9,20,2026-09-21T20:00:00
s10,21,2026-09-22T21:00:00
s0,22,2026-09-23T22:00:00
s1,23,2026-09-24T23:00:00
s2,24,2026-09-25T00:00:00
s3,25,2026-09-26T01:00:00
s4,26,2026-09-27T02:00:00
s5,27,2026-09-28T03:00:00
s6,28,2026-09-01T04:00:00
s7,29,2026-09-02T05:00:00
s8,30,2026-09-03T06:00:00
s9,31,2026-09-04T07:00:00
s10,32,2026-09-05T08:00:00
s0,33,2026-09-06T09:00:00
s1,34,2026-09-07T10:00:00
s2,35,2026-09-08T11:00:00
s3,36,2026-09-09T12:00:00
s4,37,2026-09-10T13:00:00
s5,38,2026-09-11T14:00:00
s6,39,2026-09-12T15:00:00
s7,40,2026-09-13T16:00:00
s8,41,2026-09-14T17:00:00
s9,42,2026-09-15T18:00:00
s10,43,2026-09-16T19:00:00
s0,44,2026-09-17T20:00:00
s1,45,2026-09-18T21:00:00
s2,46,2026-09-19T22:00:00
s3,47,2026-09-20T23:00:00
s4,48,2026-09-21T00:00:00
s5,49,2026-09-22T01:00:00
s6,50,2026-09-23T02:00:00
s7,51,2026-09-24T03:00:00
s8,52,2026-09-25T04:00:00
s9,53,2026-09-26T05:00:00
s10,54,2026-09-27T06:00:00
s0,55,2026-09-28T07:00:00
s1,56,2026-09-01T08:00:00
s2,57,2026-09-02T09:00:00
s3,58,2026-09-03T10:00:00
s4,59,2026-09-04T11:00:00
s5,60,2026-09-05T12:00:00
s6,61,2026-09-06T13:00:00
s7,62,2026-09-07T14:00:00
s8,63,2026-09-08T15:00:00
s9,64,2026-09-09T16:00:00
s10,65,2026-09-10T17:00:00
s0,66,2026-09-11T18:00:00
s1,67,2026-09-12T19:00:00
s2,68,2026-09-13T20:00:00
s3,69,2026-09-14T21:00:00
s4,70,2026-09-15T22:00:00
s5,71,2026-09-16T23:00:00
s6,72,2026-09-17T00:00:00
s7,73,2026-09-18T01:00:00
s8,74,2026-09-19T02:00:00
s9,75,2026-09-20T03:00:00
s10,76,2026-09-21T04:00:00
s0,77,2026-09-22T05:00:00
s1,78,2026-09-23T06:00:00
s2,79,2026-09-24T07:00:00
s3,80,2026-09-25T08:00:00
s4,81,2026-09-26T09:00:00
s5,82,2026-09-27T10:00:00
s6,83,2026-09-28T11:00:00
s7,84,2026-09-01T12:00:00
s8,85,2026-09-02T13:00:00
s9,86,2026-09-03T14:00:00
s10,87,2026-09-04T15:00:00
s0,88,2026-09-05T16:00:00
s1,89,2026-09-06T17:00:00
s2,90,2026-09-07T18:00:00
s3,91,2026-09-08T19:00:00
s4,92,2026-09-09T20:00:00
s5,93,2026-09-10T21:00:00
s6,94,2026-09-11T22:00:00
s7,95,2026-09-12T23:00:00
s8,96,2026-09-13T00:00:00
s9,97,2026-09-14T01:00:00
s10,98,2026-09-15T02:00:00
s0,99,2026-09-16T03:00:00
s1,100,2026-09-17T04:00:00
s2,101,2026-09-18T05:00:00
s3,102,2026-09-19T06:00:00
s4,103,2026-09-20T07:00:00
s5,104,2026-09-21T08:00:00
s6,105,2026-09-22T09:00:00
s7,106,2026-09-23T10:00:00
s8,107,2026-09-24T11:00:00
s9,108,2026-09-25T12:00:00
s10,109,2026-09-26T13:00:00
s0,110,2026-09-27T14:00:00
s1,111,2026-09-28T15:00:00
s2,112,2026-09-01T16:00:00
s3,113,2026-09-02T17:00:00
s4,114,2026-09-03T18:00:00
s5,115,2026-09-04T19:00:00
s6,116,2026-09-05T20:00:00
s7,117,2026-09-06T21:00:00
s8,118,2026-09-07T22:00:00
s9,119,2026-09-08T23:00:00
s10,120,2026-09-09T00:00:00
s0,121,2026-09-10T01:00:00
s1,122,2026-09-11T02:00:00
s2,123,2026-09-12T03:00:00
s3,124,2026-09-13T04:00:00
s4,125,2026-09-14T05:00:00
s5,126,2026-09-15T06:00:00
s6,127,2026-09-16T07:00:00
s7,128,2026-09-17T08:00:00
s8,129,2026-09-18T09:00:00
s9,130,2026-09-19T10:00:00
s10,131,2026-09-20T11:00:00
s0,132,2026-09-21T12:00:00
s1,133,2026-09-22T13:00:00
s2,134,2026-09-23T14:00:00
s3,135,2026-09-24T15:00:00
s4,136,2026-09-25T16:00:00
s5,137,2026-09-26T17:00:00
s6,138,2026-09-27T18:00:00
s7,139,2026-09-28T19:00:00
s8,140,2026-09-01T20:00:00
s9,141,2026-09-02T21:00:00
s10,142,2026-09-03T22:00:00
s0,143,2026-09-04T23:00:00
s1,144,2026-09-05T00:00:00
s2,145,2026-09-06T01:00:00
s3,146,2026-09-07T02:00:00
s4,147,2026-09-08T03:00:00
s5,148,2026-09-09T04:00:00
s6,149,2026-09-10T05:00:00
s7,150,2026-09-11T06:00:00
s8,151,2026-09-12T07:00:00
s9,152,2026-09-13T08:00:00
s10,153,2026-09-14T09:00:00
s0,154,2026-09-15T10:00:00
s1,155,2026-09-16T11:00:00
s2,156,2026-09-17T12:00:00
s3,157,2026-09-18T13:00:00
s4,158,2026-09-19T14:00:00
s5,159,2026-09-20T15:00:00
s6,160,2026-09-21T16:00:00
s7,161,2026-09-22T17:00:00
s8,162,2026-09-23T18:00:00
s9,163,2026-09-24T19:00:00
s10,164,2026-09-25T20:00:00
s0,165,2026-09-26T21:00:00
s1,166,2026-09-27T22:00:00
s2,167,2026-09-28T23:00:00
s3,168,2026-09-01T00:00:00
s4,169,2026-09-02T01:00:00
s5,170,2026-09-03T02:00:00
s6,171,2026-09-04T03:00:00
s7,172,2026-09-05T04:00:00
s8,173,2026-09-06T05:00:00
s9,174,2026-09-07T06:00:00
s10,175,2026-09-08T07:00:00
s0,176,2026-09-09T08:00:00
s1,177,2026-09-10T09:00:00
s2,178,2026-09-11T10:00:00
s3,179,2026-09-12T11:00:00
s4,180,2026-09-13T12:00:00
s5,181,2026-09-14T13:00:00
s6,182,2026-09-15T14:00:00
s7,183,2026-09-16T15:00:00
s8,184,2026-09-17T16:00:00
s9,185,2026-09-18T17:00:00
s10,186,2026-09-19T18:00:00
s0,187,2026-09-20T19:00:00
s1,188,2026-09-21T20:00:00
s2,189,2026-09-22T21:00:00
s3,190,2026-09-23T22:00:00
s4,191,2026-09-24T23:00:00
s5,192,2026-09-25T00:00:00
s6,193,2026-09-26T01:00:00
s7,194,2026-09-27T02:00:00
s8,195,2026-09-28T03:00:00
s9,196,2026-09-01T04:00:00
s10,197,2026-09-02T05:00:00
s0,198,2026-09-03T06:00:00
s1,199,2026-09-04T07:00:00
s2,200,2026-09-05T08:00:00
s3,201,2026-09-06T09:00:00
s4,202,2026-09-07T10:00:00
s5,203,2026-09-08T11:00:00
s6,204,2026-09-09T12:00:00
s7,205,2026-09-10T13:00:00
s8,206,2026-09-11T14:00:00
s9,207,2026-09-12T15:00:00
s10,208,2026-09-13T16:00:00
s0,209,2026-09-14T17:00:00
s1,210,2026-09-15T18:00:00
s2,211,2026-09-16T19:00:00
s3,212,2026-09-17T20:00:00
s4,213,2026-09-18T21:00:00
s5,214,2026-09-19T22:00:00
s6,215,2026-09-20T23:00:00
s7,216,2026-09-21T00:00:00
s8,217,2026-09-22T01:00:00
s9,218,2026-09-23T02:00:00
s10,219,2026-09-24T03:00:00
s0,220,2026-09-25T04:00:00
s1,221,2026-09-26T05:00:00
s2,222,2026-09-27T06:00:00
s3,223,2026-09-28T07:00:00
s4,224,2026-09-01T08:00:00
s5,225,2026-09-02T09:00:00
s6,226,2026-09-03T10:00:00
s7,227,2026-09-04T11:00:00
s8,228,2026-09-05T12:00:00
s9,229,2026-09-06T13:00:00
s10,230,2026-09-07T14:00:00
s0,231,2026-09-08T15:00:00
s1,232,2026-09-09T16:00:00
s2,233,2026-09-10T17:00:00
s3,234,2026-09-11T18:00:00
s4,235,2026-09-12T19:00:00
s5,236,2026-09-13T20:00:00
s6,237,2026-09-14T21:00:00
s7,238,2026-09-15T22:00:00
s8,239,2026-09-16T23:00:00
s9,240,2026-09-17T00:00:00
s10,241,2026-09-18T01:00:00
s0,242,2026-09-19T02:00:00
s1,243,2026-09-20T03:00:00
s2,244,2026-09-21T04:00:00
s3,245,2026-09-22T05:00:00
s4,246,2026-09-23T06:00:00
s5,247,2026-09-24T07:00:00
s6,248,2026-09-25T08:00:00
s7,249,2026-09-26T09:00:00
s8,250,2026-09-27T10:00:00
s9,251,2026-09-28T11:00:00
s10,252,2026-09-01T12:00:00
s0,253,2026-09-02T13:00:00
s1,254,2026-09-03T14:00:00
s2,255,2026-09-04T15:00:00
s3,256,2026-09-05T16:00:00
s4,257,2026-09-06T17:00:00
s5,258,2026-09-07T18:00:00
s6,259,2026-09-08T19:00:00
s7,260,2026-09-09T20:00:00
s8,261,2026-09-10T21:00:00
s9,262,2026-09-11T22:00:00
s10,263,2026-09-12T23:00:00
s0,264,2026-09-13T00:00:00
s1,265,2026-09-14T01:00:00
s2,266,2026-09-15T02:00:00
s3,267,2026-09-16T03:00:00
s4,268,2026-09-17T04:00:00
s5,269,2026-09-18T05:00:00
s6,270,2026-09-19T06:00:00
s7,271,2026-09-20T07:00:00
s8,272,2026-09-21T08:00:00
s9,273,2026-09-22T09:00:00
s10,274,2026-09-23T10:00:00
s0,275,2026-09-24T11:00:00
s1,276,2026-09-25T12:00:00
s2,277,2026-09-26T13:00:00
s3,278,2026-09-27T14:00:00
s4,279,2026-09-28T15:00:00
s5,280,2026-09-01T16:00:00
s6,281,2026-09-02T17:00:00
s7,282,2026-09-03T18:00:00
s8,283,2026-09-04T19:00:00
s9,284,2026-09-05T20:00:00
s10,285,2026-09-06T21:00:00
s0,286,2026-09-07T22:00:00
s1,287,2026-09-08T23:00:00
s2,288,2026-09-09T00:00:00
s3,289,2026-09-10T01:00:00
s4,290,2026-09-11T02:00:00
s5,291,2026-09-12T03:00:00
s6,292,2026-09-13T04:00:00
s7,293,2026-09-14T05:00:00
s8,294,2026-09-15T06:00:00
s9,295,2026-09-16T07:00:00
s10,296,2026-09-17T08:00:00
s0,297,2026-09-18T09:00:00
s1,298,2026-09-19T10:00:00
s2,299,2026-09-20T11:00:00
s3,300,2026-09-21T12:00:00
s4,301,2026-09-22T13:00:00
s5,302,2026-09-23T14:00:00
s6,303,2026-09-24T15:00:00
s7,304,2026-09-25T16:00:00
s8,305,2026-09-26T17:00:00
s9,306,2026-09-27T18:00:00
s10,307,2026-09-28T19:00:00
s0,308,2026-09-01T20:00:00
s1,309,2026-09-02T21:00:00
s2,310,2026-09-03T22:00:00
s3,311,2026-09-04T23:00:00
s4,312,2026-09-05T00:00:00
s5,313,2026-09-06T01:00:00
s6,314,2026-09-07T02:00:00
s7,315,2026-09-08T03:00:00
s8,316,2026-09-09T04:00:00
s9,317,2026-09-10T05:00:00
s10,318,2026-09-11T06:00:00
s0,319,2026-09-12T07:00:00
s1,320,2026-09-13T08:00:00
s2,321,2026-09-14T09:00:00
s3,322,2026-09-15T10:00:00
s4,323,2026-09-16T11:00:00
s5,324,2026-09-17T12:00:00
s6,325,2026-09-18T13:00:00
s7,326,2026-09-19T14:00:00
s8,327,2026-09-20T15:00:00
s9,328,2026-09-21T16:00:00
s10,329,2026-09-22T17:00:00
s0,330,2026-09-23T18:00:00
s1,331,2026-09-24T19:00:00
s2,332,2026-09-25T20:00:00
s3,333,2026-09-26T21:00:00
s4,334,2026-09-27T22:00:00
s5,335,2026-09-28T23:00:00
s6,336,2026-09-01T00:00:00
s7,337,2026-09-02T01:00:00
s8,338,2026-09-03T02:00:00
s9,339,2026-09-04T03:00:00
s10,340,2026-09-05T04:00:00
s0,341,2026-09-06T05:00:00
s1,342,2026-09-07T06:00:00
s2,343,2026-09-08T07:00:00
s3,344,2026-09-09T08:00:00
s4,345,2026-09-10T09:00:00
s5,346,2026-09-11T10:00:00
s6,347,2026-09-12T11:00:00
s7,348,2026-09-13T12:00:00
s8,349,2026-09-14T13:00:00
s9,350,2026-09-15T14:00:00
s10,351,2026-09-16T15:00:00
s0,352,2026-09-17T16:00:00
s1,353,2026-09-18T17:00:00
s2,354,2026-09-19T18:00:00
s3,355,2026-09-20T19:00:00
s4,356,2026-09-21T20:00:00
s5,357,2026-09-22T21:00:00
s6,358,2026-09-23T22:00:00
s7,359,2026-09-24T23:00:00
s8,360,2026-09-25T00:00:00
s9,361,2026-09-26T01:00:00
s10,362,2026-09-27T02:00:00
s0,363,2026-09-28T03:00:00
s1,364,2026-09-01T04:00:00
s2,365,2026-09-02T05:00:00
s3,366,2026-09-03T06:00:00
s4,367,2026-09-04T07:00:00
s5,368,2026-09-05T08:00:00
s6,369,2026-09-06T09:00:00
s7,370,2026-09-07T10:00:00
s8,371,2026-09-08T11:00:00
s9,372,2026-09-09T12:00:00
s10,373,2026-09-10T13:00:00
s0,374,2026-09-11T14:00:00
s1,375,2026-09-12T15:00:00
s2,376,2026-09-13T16:00:00
s3,377,2026-09-14T17:00:00
s4,378,2026-09-15T18:00:00
s5,379,2026-09-16T19:00:00
s6,380,2026-09-17T20:00:00
s7,381,2026-09-18T21:00:00
s8,382,2026-09-19T22:00:00
s9,383,2026-09-20T23:00:00
s10,384,2026-09-21T00:00:00
s0,385,2026-09-22T01:00:00
s1,386,2026-09-23T02:00:00
s2,387,2026-09-24T03:00:00
s3,388,2026-09-25T04:00:00
s4,389,2026-09-26T05:00:00
s5,390,2026-09-27T06:00:00
s6,391,2026-09-28T07:00:00
s7,392,2026-09-01T08:00:00
s8,393,2026-09-02T09:00:00
s9,394,2026-09-03T10:00:00
s10,395,2026-09-04T11:00:00
s0,396,2026-09-05T12:00:00
s1,397,2026-09-06T13:00:00
s2,398,2026-09-07T14:00:00
s3,399,2026-09-08T15:00:00
s4,400,2026-09-09T16:00:00
s5,401,2026-09-10T17:00:00
s6,402,2026-09-11T18:00:00
s7,403,2026-09-12T19:00:00
s8,404,2026-09-13T20:00:00
s9,405,2026-09-14T21:00:00
s10,406,2026-09-15T22:00:00
s0,407,2026-09-16T23:00:00
s1,408,2026-09-17T00:00:00
s2,409,2026-09-18T01:00:00
s3,410,2026-09-19T02:00:00
s4,411,2026-09-20T03:00:00
s5,412,2026-09-21T04:00:00
s6,413,2026-09-22T05:00:00
s7,414,2026-09-23T06:00:00
s8,415,2026-09-24T07:00:00
s9,416,2026-09-25T08:00:00
s10,417,2026-09-26T09:00:00
s0,418,2026-09-27T10:00:00
s1,419,2026-09-28T11:00:00
s2,420,2026-09-01T12:00:00
s3,421,2026-09-02T13:00:00
s4,422,2026-09-03T14:00:00
s5,423,2026-09-04T15:00:00
s6,424,2026-09-05T16:00:00
s7,425,2026-09-06T17:00:00
s8,426,2026-09-07T18:00:00
s9,427,2026-09-08T19:00:00
s10,428,2026-09-09T20:00:00
s0,429,2026-09-10T21:00:00
s1,430,2026-09-11T22:00:00
s2,431,2026-09-12T23:00:00
s3,432,2026-09-13T00:00:00
s4,433,2026-09-14T01:00:00
s5,434,2026-09-15T02:00:00
s6,435,2026-09-16T03:00:00
s7,436,2026-09-17T04:00:00
s8,437,2026-09-18T05:00:00
s9,438,2026-09-19T06:00:00
s10,439,2026-09-20T07:00:00
s0,440,2026-09-21T08:00:00
s1,441,2026-09-22T09:00:00
s2,442,2026-09-23T10:00:00
s3,443,2026-09-24T11:00:00
s4,444,2026-09-25T12:00:00
s5,445,2026-09-26T13:00:00
s6,446,2026-09-27T14:00:00
s7,447,2026-09-28T15:00:00
s8,448,2026-09-01T16:00:00
s9,449,2026-09-02T17:00:00
s10,450,2026-09-03T18:00:00
s0,451,2026-09-04T19:00:00
s1,452,2026-09-05T20:00:00
s2,453,2026-09-06T21:00:00
s3,454,2026-09-07T22:00:00
s4,455,2026-09-08T23:00:00
s5,456,2026-09-09T00:00:00
s6,457,2026-09-10T01:00:00
s7,458,2026-09-11T02:00:00
s8,459,2026-09-12T03:00:00
s9,460,2026-09-13T04:00:00
s10,461,2026-09-14T05:00:00
s0,462,2026-09-15T06:00:00
s1,463,2026-09-16T07:00:00
s2,464,2026-09-17T08:00:00
s3,465,2026-09-18T09:00:00
s4,466,2026-09-19T10:00:00
s5,467,2026-09-20T11:00:00
s6,468,2026-09-21T12:00:00
s7,469,2026-09-22T13:00:00
s8,470,2026-09-23T14:00:00
s9,471,2026-09-24T15:00:00
s10,472,2026-09-25T16:00:00
s0,473,2026-09-26T17:00:00
s1,474,2026-09-27T18:00:00
s2,475,2026-09-28T19:00:00
s3,476,2026-09-01T20:00:00
s4,477,2026-09-02T21:00:00
s5,478,2026-09-03T22:00:00
s6,479,2026-09-04T23:00:00
s7,480,2026-09-05T00:00:00
s8,481,2026-09-06T01:00:00
s9,482,2026-09-07T02:00:00
s10,483,2026-09-08T03:00:00
s0,484,2026-09-09T04:00:00
s1,485,2026-09-10T05:00:00
s2,486,2026-09-11T06:00:00
s3,487,2026-09-12T07:00:00
s4,488,2026-09-13T08:00:00
s5,489,2026-09-14T09:00:00
s6,490,2026-09-15T10:00:00
s7,491,2026-09-16T11:00:00
s8,492,2026-09-17T12:00:00
s9,493,2026-09-18T13:00:00
s10,494,2026-09-19T14:00:00
s0,495,2026-09-20T15:00:00
s1,496,2026-09-21T16:00:00
s2,497,2026-09-22T17:00:00
s3,498,2026-09-23T18:00:00
s4,499,2026-09-24T19:00:00
s5,500,2026-09-25T20:00:00
s6,501,2026-09-26T21:00:00
s7,502,2026-09-27T22:00:00
s8,503,2026-09-28T23:00:00
s9,504,2026-09-01T00:00:00
s10,505,2026-09-02T01:00:00
s0,506,2026-09-03T02:00:00
s1,507,2026-09-04T03:00:00
s2,508,2026-09-05T04:00:00
s3,509,2026-09-06T05:00:00
s4,510,2026-09-07T06:00:00
s5,511,2026-09-08T07:00:00
s6,512,2026-09-09T08:00:00
s7,513,2026-09-10T09:00:00
s8,514,2026-09-11T10:00:00
s9,515,2026-09-12T11:00:00
s10,516,2026-09-13T12:00:00
s0,517,2026-09-14T13:00:00
s1,518,2026-09-15T14:00:00
s2,519,2026-09-16T15:00:00
s3,520,2026-09-17T16:00:00
s4,521,2026-09-18T17:00:00
s5,522,2026-09-19T18:00:00
s6,523,2026-09-20T19:00:00
s7,524,2026-09-21T20:00:00
s8,525,2026-09-22T21:00:00
s9,526,2026-09-23T22:00:00
s10,527,2026-09-24T23:00:00
s0,528,2026-09-25T00:00:00
s1,529,2026-09-26T01:00:00
s2,530,2026-09-27T02:00:00
s3,531,2026-09-28T03:00:00
s4,532,2026-09-01T04:00:00
s5,533,2026-09-02T05:00:00
s6,534,2026-09-03T06:00:00
s7,535,2026-09-04T07:00:00
s8,536,2026-09-05T08:00:00
s9,537,2026-09-06T09:00:00
s10,538,2026-09-07T10:00:00
s0,539,2026-09-08T11:00:00
s1,540,2026-09-09T12:00:00
s2,541,2026-09-10T13:00:00
s3,542,2026-09-11T14:00:00
s4,543,2026-09-12T15:00:00
s5,544,2026-09-13T16:00:00
s6,545,2026-09-14T17:00:00
s7,546,2026-09-15T18:00:00
s8,547,2026-09-16T19:00:00
s9,548,2026-09-17T20:00:00
s10,549,2026-09-18T21:00:00
s0,550,2026-09-19T22:00:00
s1,551,2026-09-20T23:00:00
s2,552,2026-09-21T00:00:00
s3,553,2026-09-22T01:00:00
s4,554,2026-09-23T02:00:00
s5,555,2026-09-24T03:00:00
s6,556,2026-09-25T04:00:00
s7,557,2026-09-26T05:00:00
s8,558,2026-09-27T06:00:00
s9,559,2026-09-28T07:00:00
s10,560,2026-09-01T08:00:00
s0,561,2026-09-02T09:00:00
s1,562,2026-09-03T10:00:00
s2,563,2026-09-04T11:00:00
s3,564,2026-09-05T12:00:00
s4,565,2026-09-06T13:00:00
s5,566,2026-09-07T14:00:00
s6,567,2026-09-08T15:00:00
s7,568,2026-09-09T16:00:00
s8,569,2026-09-10T17:00:00
s9,570,2026-09-11T18:00:00
s10,571,2026-09-12T19:00:00
s0,572,2026-09-13T20:00:00
s1,573,2026-09-14T21:00:00
s2,574,2026-09-15T22:00:00
s3,575,2026-09-16T23:00:00
s4,576,2026-09-17T00:00:00
s5,577,2026-09-18T01:00:00
s6,578,2026-09-19T02:00:00
s7,579,2026-09-20T03:00:00
s8,580,2026-09-21T04:00:00
s9,581,2026-09-22T05:00:00
s10,582,2026-09-23T06:00:00
s0,583,2026-09-24T07:00:00
s1,584,2026-09-25T08:00:00
s2,585,2026-09-26T09:00:00
s3,586,2026-09-27T10:00:00
s4,587,2026-09-28T11:00:00
s5,588,2026-09-01T12:00:00
s6,589,2026-09-02T13:00:00
s7,590,2026-09-03T14:00:00
s8,591,2026-09-04T15:00:00
s9,592,2026-09-05T16:00:00
s10,593,2026-09-06T17:00:00
s0,594,2026-09-07T18:00:00
s1,595,2026-09-08T19:00:00
s2,596,2026-09-09T20:00:00
s3,597,2026-09-10T21:00:00
s4,598,2026-09-11T22:00:00
s5,599,2026-09-12T23:00:00
s6,600,2026-09-13T00:00:00
s7,601,2026-09-14T01:00:00
s8,602,2026-09-15T02:00:00
s9,603,2026-09-16T03:00:00
s10,604,2026-09-17T04:00:00
s0,605,2026-09-18T05:00:00
s1,606,2026-09-19T06:00:00
s2,607,2026-09-20T07:00:00
s3,608,2026-09-21T08:00:00
s4,609,2026-09-22T09:00:00
s5,610,2026-09-23T10:00:00
s6,611,2026-09-24T11:00:00
s7,612,2026-09-25T12:00:00
s8,613,2026-09-26T13:00:00
s9,614,2026-09-27T14:00:00
s10,615,2026-09-28T15:00:00
s0,616,2026-09-01T16:00:00
s1,617,2026-09-02T17:00:00
s2,618,2026-09-03T18:00:00
s3,619,2026-09-04T19:00:00
s4,620,2026-09-05T20:00:00
s5,621,2026-09-06T21:00:00
s6,622,2026-09-07T22:00:00
s7,623,2026-09-08T23:00:00
s8,624,2026-09-09T00:00:00
s9,625,2026-09-10T01:00:00
s10,626,2026-09-11T02:00:00
s0,627,2026-09-12T03:00:00
s1,628,2026-09-13T04:00:00
s2,629,2026-09-14T05:00:00
s3,630,2026-09-15T06:00:00
s4,631,2026-09-16T07:00:00
s5,632,2026-09-17T08:00:00
s6,633,2026-09-18T09:00:00
s7,634,2026-09-19T10:00:00
s8,635,2026-09-20T11:00:00
s9,636,2026-09-21T12:00:00
s10,637,2026-09-22T13:00:00
s0,638,2026-09-23T14:00:00
s1,639,2026-09-24T15:00:00
s2,640,2026-09-25T16:00:00
s3,641,2026-09-26T17:00:00
s4,642,2026-09-27T18:00:00
s5,643,2026-09-28T19:00:00
s6,644,2026-09-01T20:00:00
s7,645,2026-09-02T21:00:00
s8,646,2026-09-03T22:00:00
s9,647,2026-09-04T23:00:00
s10,648,2026-09-05T00:00:00
s0,649,2026-09-06T01:00:00
s1,650,2026-09-07T02:00:00
s2,651,2026-09-08T03:00:00
s3,652,2026-09-09T04:00:00
s4,653,2026-09-10T05:00:00
s5,654,2026-09-11T06:00:00
s6,655,2026-09-12T07:00:00
s7,656,2026-09-13T08:00:00
s8,657,2026-09-14T09:00:00
s9,658,2026-09-15T10:00:00
s10,659,2026-09-16T11:00:00
s0,660,2026-09-17T12:00:00
s1,661,2026-09-18T13:00:00
s2,662,2026-09-19T14:00:00
s3,663,2026-09-20T15:00:00
s4,664,2026-09-21T16:00:00
s5,665,2026-09-22T17:00:00
s6,666,2026-09-23T18:00:00
s7,667,2026-09-24T19:00:00
s8,668,2026-09-25T20:00:00
s9,669,2026-09-26T21:00:00
s10,670,2026-09-27T22:00:00
s0,671,2026-09-28T23:00:00
s1,672,2026-09-01T00:00:00
s2,673,2026-09-02T01:00:00
s3,674,2026-09-03T02:00:00
s4,675,2026-09-04T03:00:00
s5,676,2026-09-05T04:00:00
s6,677,2026-09-06T05:00:00
s7,678,2026-09-07T06:00:00
s8,679,2026-09-08T07:00:00
s9,680,2026-09-09T08:00:00
s10,681,2026-09-10T09:00:00
s0,682,2026-09-11T10:00:00
s1,683,2026-09-12T11:00:00
s2,684,2026-09-13T12:00:00
s3,685,2026-09-14T13:00:00
s4,686,2026-09-15T14:00:00
s5,687,2026-09-16T15:00:00
s6,688,2026-09-17T16:00:00
s7,689,2026-09-18T17:00:00
s8,690,2026-09-19T18:00:00
s9,691,2026-09-20T19:00:00
s10,692,2026-09-21T20:00:00
s0,693,2026-09-22T21:00:00
s1,694,2026-09-23T22:00:00
s2,695,2026-09-24T23:00:00
s3,696,2026-09-25T00:00:00
s4,697,2026-09-26T01:00:00
s5,698,2026-09-27T02:00:00
s6,699,2026-09-28T03:00:00
s7,700,2026-09-01T04:00:00
s8,701,2026-09-02T05:00:00
s9,702,2026-09-03T06:00:00
s10,703,2026-09-04T07:00:00
s0,704,2026-09-05T08:00:00
s1,705,2026-09-06T09:00:00
s2,706,2026-09-07T10:00:00
s3,707,2026-09-08T11:00:00
s4,708,2026-09-09T12:00:00
s5,709,2026-09-10T13:00:00
s6,710,2026-09-11T14:00:00
s7,711,2026-09-12T15:00:00
s8,712,2026-09-13T16:00:00
s9,713,2026-09-14T17:00:00
s10,714,2026-09-15T18:00:00
s0,715,2026-09-16T19:00:00
s1,716,2026-09-17T20:00:00
s2,717,2026-09-18T21:00:00
s3,718,2026-09-19T22:00:00
s4,719,2026-09-20T23:00:00
s5,720,2026-09-21T00:00:00
s6,721,2026-09-22T01:00:00
s7,722,2026-09-23T02:00:00
s8,723,2026-09-24T03:00:00
s9,724,2026-09-25T04:00:00
s10,725,2026-09-26T05:00:00
s0,726,2026-09-27T06:00:00
s1,727,2026-09-28T07:00:00
s2,728,2026-09-01T08:00:00
s3,729,2026-09-02T09:00:00
s4,730,2026-09-03T10:00:00
s5,731,2026-09-04T11:00:00
s6,732,2026-09-05T12:00:00
s7,733,2026-09-06T13:00:00
s8,734,2026-09-07T14:00:00
s9,735,2026-09-08T15:00:00
s10,736,2026-09-09T16:00:00
s0,737,2026-09-10T17:00:00
s1,738,2026-09-11T18:00:00
s2,739,2026-09-12T19:00:00
s3,740,2026-09-13T20:00:00
s4,741,2026-09-14T21:00:00
s5,742,2026-09-15T22:00:00
s6,743,2026-09-16T23:00:00
s7,744,2026-09-17T00:00:00
s8,745,2026-09-18T01:00:00
s9,746,2026-09-19T02:00:00
s10,747,2026-09-20T03:00:00
s0,748,2026-09-21T04:00:00
s1,749,2026-09-22T05:00:00
s2,750,2026-09-23T06:00:00
s3,751,2026-09-24T07:00:00
s4,752,2026-09-25T08:00:00
s5,753,2026-09-26T09:00:00
s6,754,2026-09-27T10:00:00
s7,755,2026-09-28T11:00:00
s8,756,2026-09-01T12:00:00
s9,757,2026-09-02T13:00:00
s10,758,2026-09-03T14:00:00
s0,759,2026-09-04T15:00:00
s1,760,2026-09-05T16:00:00
s2,761,2026-09-06T17:00:00
s3,762,2026-09-07T18:00:00
s4,763,2026-09-08T19:00:00
s5,764,2026-09-09T20:00:00
s6,765,2026-09-10T21:00:00
s7,766,2026-09-11T22:00:00
s8,767,2026-09-12T23:00:00
s9,768,2026-09-13T00:00:00
s10,769,2026-09-14T01:00:00
s0,770,2026-09-15T02:00:00
s1,771,2026-09-16T03:00:00
s2,772,2026-09-17T04:00:00
s3,773,2026-09-18T05:00:00
s4,774,2026-09-19T06:00:00
s5,775,2026-09-20T07:00:00
s6,776,2026-09-21T08:00:00
s7,777,2026-09-22T09:00:00
s8,778,2026-09-23T10:00:00
s9,779,2026-09-24T11:00:00
s10,780,2026-09-25T12:00:00
s0,781,2026-09-26T13:00:00
s1,782,2026-09-27T14:00:00
s2,783,2026-09-28T15:00:00
s3,784,2026-09-01T16:00:00
s4,785,2026-09-02T17:00:00
s5,786,2026-09-03T18:00:00
s6,787,2026-09-04T19:00:00
s7,788,2026-09-05T20:00:00
s8,789,2026-09-06T21:00:00
s9,790,2026-09-07T22:00:00
s10,791,2026-09-08T23:00:00
s0,792,2026-09-09T00:00:00
s1,793,2026-09-10T01:00:00
s2,794,2026-09-11T02:00:00
s3,795,2026-09-12T03:00:00
s4,796,2026-09-13T04:00:00
s5,797,2026-09-14T05:00:00
s6,798,2026-09-15T06:00:00
s7,799,2026-09-16T07:00:00
s8,800,2026-09-17T08:00:00
s9,801,2026-09-18T09:00:00
s10,802,2026-09-19T10:00:00
s0,803,2026-09-20T11:00:00
s1,804,2026-09-21T12:00:00
s2,805,2026-09-22T13:00:00
s3,806,2026-09-23T14:00:00
s4,807,2026-09-24T15:00:00
s5,808,2026-09-25T16:00:00
s6,809,2026-09-26T17:00:00
s7,810,2026-09-27T18:00:00
s8,811,2026-09-28T19:00:00
s9,812,2026-09-01T20:00:00
s10,813,2026-09-02T21:00:00
s0,814,2026-09-03T22:00:00
s1,815,2026-09-04T23:00:00
s2,816,2026-09-05T00:00:00
s3,817,2026-09-06T01:00:00
s4,818,2026-09-07T02:00:00
s5,819,2026-09-08T03:00:00
s6,820,2026-09-09T04:00:00
s7,821,2026-09-10T05:00:00
s8,822,2026-09-11T06:00:00
s9,823,2026-09-12T07:00:00
s10,824,2026-09-13T08:00:00
s0,825,2026-09-14T09:00:00
s1,826,2026-09-15T10:00:00
s2,827,2026-09-16T11:00:00
s3,828,2026-09-17T12:00:00
s4,829,2026-09-18T13:00:00
s5,830,2026-09-19T14:00:00
s6,831,2026-09-20T15:00:00
s7,832,2026-09-21T16:00:00
s8,833,2026-09-22T17:00:00
s9,834,2026-09-23T18:00:00
s10,835,2026-09-24T19:00:00
s0,836,2026-09-25T20:00:00
s1,837,2026-09-26T21:00:00
s2,838,2026-09-27T22:00:00
s3,839,2026-09-28T23:00:00
s4,840,2026-09-01T00:00:00
s5,841,2026-09-02T01:00:00
s6,842,2026-09-03T02:00:00
s7,843,2026-09-04T03:00:00
s8,844,2026-09-05T04:00:00
s9,845,2026-09-06T05:00:00
s10,846,2026-09-07T06:00:00
s0,847,2026-09-08T07:00:00
s1,848,2026-09-09T08:00:00
s2,849,2026-09-10T09:00:00
s3,850,2026-09-11T10:00:00
s4,851,2026-09-12T11:00:00
s5,852,2026-09-13T12:00:00
s6,853,2026-09-14T13:00:00
s7,854,2026-09-15T14:00:00
s8,855,2026-09-16T15:00:00
s9,856,2026-09-17T16:00:00
s10,857,2026-09-18T17:00:00
s0,858,2026-09-19T18:00:00
s1,859,2026-09-20T19:00:00
s2,860,2026-09-21T20:00:00
s3,861,2026-09-22T21:00:00
s4,862,2026-09-23T22:00:00
s5,863,2026-09-24T23:00:00
s6,864,2026-09-25T00:00:00
s7,865,2026-09-26T01:00:00
s8,866,2026-09-27T02:00:00
s9,867,2026-09-28T03:00:00
s10,868,2026-09-01T04:00:00
s0,869,2026-09-02T05:00:00
s1,870,2026-09-03T06:00:00
s2,871,2026-09-04T07:00:00
s3,872,2026-09-05T08:00:00
s4,873,2026-09-06T09:00:00
s5,874,2026-09-07T10:00:00
s6,875,2026-09-08T11:00:00
s7,876,2026-09-09T12:00:00
s8,877,2026-09-10T13:00:00
s9,878,2026-09-11T14:00:00
s10,879,2026-09-12T15:00:00
s0,880,2026-09-13T16:00:00
s1,881,2026-09-14T17:00:00
s2,882,2026-09-15T18:00:00
s3,883,2026-09-16T19:00:00
s4,884,2026-09-17T20:00:00
s5,885,2026-09-18T21:00:00
s6,886,2026-09-19T22:00:00
s7,887,2026-09-20T23:00:00
s8,888,2026-09-21T00:00:00
s9,889,2026-09-22T01:00:00
s10,890,2026-09-23T02:00:00
s0,891,2026-09-24T03:00:00
s1,892,2026-09-25T04:00:00
s2,893,2026-09-26T05:00:00
s3,894,2026-09-27T06:00:00
s4,895,2026-09-28T07:00:00
s5,896,2026-09-01T08:00:00
s6,897,2026-09-02T09:00:00
s7,898,2026-09-03T10:00:00
s8,899,2026-09-04T11:00:00
s9,900,2026-09-05T12:00:00
s10,901,2026-09-06T13:00:00
s0,902,2026-09-07T14:00:00
s1,903,2026-09-08T15:00:00
s2,904,2026-09-09T16:00:00
s3,905,2026-09-10T17:00:00
s4,906,2026-09-11T18:00:00
s5,907,2026-09-12T19:00:00
s6,908,2026-09-13T20:00:00
s7,909,2026-09-14T21:00:00
s8,910,2026-09-15T22:00:00
s9,911,2026-09-16T23:00:00
s10,912,2026-09-17T00:00:00
s0,913,2026-09-18T01:00:00
s1,914,2026-09-19T02:00:00
s2,915,2026-09-20T03:00:00
s3,916,2026-09-21T04:00:00
s4,917,2026-09-22T05:00:00
s5,918,2026-09-23T06:00:00
s6,919,2026-09-24T07:00:00
s7,920,2026-09-25T08:00:00
s8,921,2026-09-26T09:00:00
s9,922,2026-09-27T10:00:00
s10,923,2026-09-28T11:00:00
s0,924,2026-09-01T12:00:00
s1,925,2026-09-02T13:00:00
s2,926,2026-09-03T14:00:00
s3,927,2026-09-04T15:00:00
s4,928,2026-09-05T16:00:00
s5,929,2026-09-06T17:00:00
s6,930,2026-09-07T18:00:00
s7,931,2026-09-08T19:00:00
s8,932,2026-09-09T20:00:00
s9,933,2026-09-10T21:00:00
s10,934,2026-09-11T22:00:00
s0,935,2026-09-12T23:00:00
s1,936,2026-09-13T00:00:00
s2,937,2026-09-14T01:00:00
s3,938,2026-09-15T02:00:00
s4,939,2026-09-16T03:00:00
s5,940,2026-09-17T04:00:00
s6,941,2026-09-18T05:00:00
s7,942,2026-09-19T06:00:00
s8,943,2026-09-20T07:00:00
s9,944,2026-09-21T08:00:00
s10,945,2026-09-22T09:00:00
s0,946,2026-09-23T10:00:00
s1,947,2026-09-24T11:00:00
s2,948,2026-09-25T12:00:00
s3,949,2026-09-26T13:00:00
s4,950,2026-09-27T14:00:00
s5,951,2026-09-28T15:00:00
s6,952,2026-09-01T16:00:00
s7,953,2026-09-02T17:00:00
s8,954,2026-09-03T18:00:00
s9,955,2026-09-04T19:00:00
s10,956,2026-09-05T20:00:00
s0,957,2026-09-06T21:00:00
s1,958,2026-09-07T22:00:00
s2,959,2026-09-08T23:00:00
s3,960,2026-09-09T00:00:00
s4,961,2026-09-10T01:00:00
s5,962,2026-09-11T02:00:00
s6,963,2026-09-12T03:00:00
s7,964,2026-09-13T04:00:00
s8,965,2026-09-14T05:00:00
s9,966,2026-09-15T06:00:00
s10,967,2026-09-16T07:00:00
s0,968,2026-09-17T08:00:00
s1,969,2026-09-18T09:00:00
s2,970,2026-09-19T10:00:00
s3,971,2026-09-20T11:00:00
s4,972,2026-09-21T12:00:00
s5,973,2026-09-22T13:00:00
s6,974,2026-09-23T14:00:00
s7,975,2026-09-24T15:00:00
s8,976,2026-09-25T16:00:00
s9,0,2026-09-26T17:00:00
s10,1,2026-09-27T18:00:00
s0,2,2026-09-28T19:00:00
s1,3,2026-09-01T20:00:00
s2,4,2026-09-02T21:00:00
s3,5,2026-09-03T22:00:00
s4,6,2026-09-04T23:00:00
s5,7,2026-09-05T00:00:00
s6,8,2026-09-06T01:00:00
s7,9,2026-09-07T02:00:00
s8,10,2026-09-08T03:00:00
s9,11,2026-09-09T04:00:00
s10,12,2026-09-10T05:00:00
s0,13,2026-09-11T06:00:00
s1,14,2026-09-12T07:00:00
s2,15,2026-09-13T08:00:00
s3,16,2026-09-14T09:00:00
s4,17,2026-09-15T10:00:00
s5,18,2026-09-16T11:00:00
s6,19,2026-09-17T12:00:00
s7,20,2026-09-18T13:00:00
s8,21,2026-09-19T14:00:00
s9,22,2026-09-20T15:00:00
s10,23,2026-09-21T16:00:00
s0,24,2026-09-22T17:00:00
s1,25,2026-09-23T18:00:00
s2,26,2026-09-24T19:00:00
s3,27,2026-09-25T20:00:00
s4,28,2026-09-26T21:00:00
s5,29,2026-09-27T22:00:00
s6,30,2026-09-28T23:00:00
s7,31,2026-09-01T00:00:00
s8,32,2026-09-02T01:00:00
s9,33,2026-09-03T02:00:00
s10,34,2026-09-04T03:00:00
s0,35,2026-09-05T04:00:00
s1,36,2026-09-06T05:00:00
s2,37,2026-09-07T06:00:00
s3,38,2026-09-08T07:00:00
s4,39,2026-09-09T08:00:00
s5,40,2026-09-10T09:00:00
s6,41,2026-09-11T10:00:00
s7,42,2026-09-12T11:00:00
s8,43,2026-09-13T12:00:00
s9,44,2026-09-14T13:00:00
s10,45,2026-09-15T14:00:00
s0,46,2026-09-16T15:00:00
s1,47,2026-09-17T16:00:00
s2,48,2026-09-18T17:00:00
s3,49,2026-09-19T18:00:00
s4,50,2026-09-20T19:00:00
s5,51,2026-09-21T20:00:00
s6,52,2026-09-22T21:00:00
s7,53,2026-09-23T22:00:00
s8,54,2026-09-24T23:00:00
s9,55,2026-09-25T00:00:00
s10,56,2026-09-26T01:00:00
s0,57,2026-09-27T02:00:00
s1,58,2026-09-28T03:00:00
s2,59,2026-09-01T04:00:00
s3,60,2026-09-02T05:00:00
s4,61,2026-09-03T06:00:00
s5,62,2026-09-04T07:00:00
s6,63,2026-09-05T08:00:00
s7,64,2026-09-06T09:00:00
s8,65,2026-09-07T10:00:00
s9,66,2026-09-08T11:00:00
s10,67,2026-09-09T12:00:00
s0,68,2026-09-10T13:00:00
s1,69,2026-09-11T14:00:00
s2,70,2026-09-12T15:00:00
s3,71,2026-09-13T16:00:00
s4,72,2026-09-14T17:00:00
s5,73,2026-09-15T18:00:00
s6,74,2026-09-16T19:00:00
s7,75,2026-09-17T20:00:00
s8,76,2026-09-18T21:00:00
s9,77,2026-09-19T22:00:00
s10,78,2026-09-20T23:00:00
s0,79,2026-09-21T00:00:00
s1,80,2026-09-22T01:00:00
s2,81,2026-09-23T02:00:00
s3,82,2026-09-24T03:00:00
s4,83,2026-09-25T04:00:00
s5,84,2026-09-26T05:00:00
s6,85,2026-09-27T06:00:00
s7,86,2026-09-28T07:00:00
s8,87,2026-09-01T08:00:00
s9,88,2026-09-02T09:00:00
s10,89,2026-09-03T10:00:00
s0,90,2026-09-04T11:00:00
s1,91,2026-09-05T12:00:00
s2,92,2026-09-06T13:00:00
s3,93,2026-09-07T14:00:00
s4,94,2026-09-08T15:00:00
s5,95,2026-09-09T16:00:00
s6,96,2026-09-10T17:00:00
s7,97,2026-09-11T18:00:00
s8,98,2026-09-12T19:00:00
s9,99,2026-09-13T20:00:00
s10,100,2026-09-14T21:00:00
s0,101,2026-09-15T22:00:00
s1,102,2026-09-16T23:00:00
s2,103,2026-09-17T00:00:00
s3,104,2026-09-18T01:00:00
s4,105,2026-09-19T02:00:00
s5,106,2026-09-20T03:00:00
s6,107,2026-09-21T04:00:00
s7,108,2026-09-22T05:00:00
s8,109,2026-09-23T06:00:00
s9,110,2026-09-24T07:00:00
s10,111,2026-09-25T08:00:00
s0,112,2026-09-26T09:00:00
s1,113,2026-09-27T10:00:00
s2,114,2026-09-28T11:00:00
s3,115,2026-09-01T12:00:00
s4,116,2026-09-02T13:00:00
s5,117,2026-09-03T14:00:00
s6,118,2026-09-04T15:00:00
s7,119,2026-09-05T16:00:00
s8,120,2026-09-06T17:00:00
s9,121,2026-09-07T18:00:00
s10,122,2026-09-08T19:00:00
s0,123,2026-09-09T20:00:00
s1,124,2026-09-10T21:00:00
s2,125,2026-09-11T22:00:00
s3,126,2026-09-12T23:00:00
s4,127,2026-09-13T00:00:00
s5,128,2026-09-14T01:00:00
s6,129,2026-09-15T02:00:00
s7,130,2026-09-16T03:00:00
s8,131,2026-09-17T04:00:00
s9,132,2026-09-18T05:00:00
s10,133,2026-09-19T06:00:00
s0,134,2026-09-20T07:00:00
s1,135,2026-09-21T08:00:00
s2,136,2026-09-22T09:00:00
s3,137,2026-09-23T10:00:00
s4,138,2026-09-24T11:00:00
s5,139,2026-09-25T12:00:00
s6,140,2026-09-26T13:00:00
s7,141,2026-09-27T14:00:00
s8,142,2026-09-28T15:00:00
s9,143,2026-09-01T16:00:00
s10,144,2026-09-02T17:00:00
s0,145,2026-09-03T18:00:00
s1,146,2026-09-04T19:00:00
s2,147,2026-09-05T20:00:00
s3,148,2026-09-06T21:00:00
s4,149,2026-09-07T22:00:00
s5,150,2026-09-08T23:00:00
s6,151,2026-09-09T00:00:00
s7,152,2026-09-10T01:00:00
s8,153,2026-09-11T02:00:00
s9,154,2026-09-12T03:00:00
s10,155,2026-09-13T04:00:00
s0,156,2026-09-14T05:00:00
s1,157,2026-09-15T06:00:00
s2,158,2026-09-16T07:00:00
s3,159,2026-09-17T08:00:00
s4,160,2026-09-18T09:00:00
s5,161,2026-09-19T10:00:00
s6,162,2026-09-20T11:00:00
s7,163,2026-09-21T12:00:00
s8,164,2026-09-22T13:00:00
s9,165,2026-09-23T14:00:00
s10,166,2026-09-24T15:00:00
s0,167,2026-09-25T16:00:00
s1,168,2026-09-26T17:00:00
s2,169,2026-09-27T18:00:00
s3,170,2026-09-28T19:00:00
s4,171,2026-09-01T20:00:00
s5,172,2026-09-02T21:00:00
s6,173,2026-09-03T22:00:00
s7,174,2026-09-04T23:00:00
s8,175,2026-09-05T00:00:00
s9,176,2026-09-06T01:00:00
s10,177,2026-09-07T02:00:00
s0,178,2026-09-08T03:00:00
s1,179,2026-09-09T04:00:00
s2,180,2026-09-10T05:00:00
s3,181,2026-09-11T06:00:00
s4,182,2026-09-12T07:00:00
s5,183,2026-09-13T08:00:00
s6,184,2026-09-14T09:00:00
s7,185,2026-09-15T10:00:00
s8,186,2026-09-16T11:00:00
s9,187,2026-09-17T12:00:00
s10,188,2026-09-18T13:00:00
s0,189,2026-09-19T14:00:00
s1,190,2026-09-20T15:00:00
s2,191,2026-09-21T16:00:00
s3,192,2026-09-22T17:00:00
s4,193,2026-09-23T18:00:00
s5,194,2026-09-24T19:00:00
s6,195,2026-09-25T20:00:00
s7,196,2026-09-26T21:00:00
s8,197,2026-09-27T22:00:00
s9,198,2026-09-28T23:00:00
s10,199,2026-09-01T00:00:00
s0,200,2026-09-02T01:00:00
s1,201,2026-09-03T02:00:00
s2,202,2026-09-04T03:00:00
s3,203,2026-09-05T04:00:00
s4,204,2026-09-06T05:00:00
s5,205,2026-09-07T06:00:00
s6,206,2026-09-08T07:00:00
s7,207,2026-09-09T08:00:00
s8,208,2026-09-10T09:00:00
s9,209,2026-09-11T10:00:00
s10,210,2026-09-12T11:00:00
s0,211,2026-09-13T12:00:00
s1,212,2026-09-14T13:00:00
s2,213,2026-09-15T14:00:00
s3,214,2026-09-16T15:00:00
s4,215,2026-09-17T16:00:00
s5,216,2026-09-18T17:00:00
s6,217,2026-09-19T18:00:00
s7,218,2026-09-20T19:00:00
s8,219,2026-09-21T20:00:00
s9,220,2026-09-22T21:00:00
s10,221,2026-09-23T22:00:00
s0,222,2026-09-24T23:00:00
s1,223,2026-09-25T00:00:00
s2,224,2026-09-26T01:00:00
s3,225,2026-09-27T02:00:00
s4,226,2026-09-28T03:00:00
s5,227,2026-09-01T04:00:00
s6,228,2026-09-02T05:00:00
s7,229,2026-09-03T06:00:00
s8,230,2026-09-04T07:00:00
s9,231,2026-09-05T08:00:00
s10,232,2026-09-06T09:00:00
s0,233,2026-09-07T10:00:00
s1,234,2026-09-08T11:00:00
s2,235,2026-09-09T12:00:00
s3,236,2026-09-10T13:00:00
s4,237,2026-09-11T14:00:00
s5,238,2026-09-12T15:00:00
s6,239,2026-09-13T16:00:00
s7,240,2026-09-14T17:00:00
s8,241,2026-09-15T18:00:00
s9,242,2026-09-16T19:00:00
s10,243,2026-09-17T20:00:00
s0,244,2026-09-18T21:00:00
s1,245,2026-09-19T22:00:00
s2,246,2026-09-20T23:00:00
s3,247,2026-09-21T00:00:00
s4,248,2026-09-22T01:00:00
s5,249,2026-09-23T02:00:00
s6,250,2026-09-24T03:00:00
s7,251,2026-09-25T04:00:00
s8,252,2026-09-26T05:00:00
s9,253,2026-09-27T06:00:00
s10,254,2026-09-28T07:00:00
s0,255,2026-09-01T08:00:00
s1,256,2026-09-02T09:00:00
s2,257,2026-09-03T10:00:00
s3,258,2026-09-04T11:00:00
s4,259,2026-09-05T12:00:00
s5,260,2026-09-06T13:00:00
s6,261,2026-09-07T14:00:00
s7,262,2026-09-08T15:00:00
s8,263,2026-09-09T16:00:00
s9,264,2026-09-10T17:00:00
s10,265,2026-09-11T18:00:00
s0,266,2026-09-12T19:00:00
s1,267,2026-09-13T20:00:00
s2,268,2026-09-14T21:00:00
s3,269,2026-09-15T22:00:00
s4,270,2026-09-16T23:00:00
s5,271,2026-09-17T00:00:00
s6,272,2026-09-18T01:00:00
s7,273,2026-09-19T02:00:00
s8,274,2026-09-20T03:00:00
s9,275,2026-09-21T04:00:00
s10,276,2026-09-22T05:00:00
s0,277,2026-09-23T06:00:00
s1,278,2026-09-24T07:00:00
s2,279,2026-09-25T08:00:00
s3,280,2026-09-26T09:00:00
s4,281,2026-09-27T10:00:00
s5,282,2026-09-28T11:00:00
s6,283,2026-09-01T12:00:00
s7,284,2026-09-02T13:00:00
s8,285,2026-09-03T14:00:00
s9,286,2026-09-04T15:00:00
s10,287,2026-09-05T16:00:00
s0,288,2026-09-06T17:00:00
s1,289,2026-09-07T18:00:00
s2,290,2026-09-08T19:00:00
s3,291,2026-09-09T20:00:00
s4,292,2026-09-10T21:00:00
s5,293,2026-09-11T22:00:00
s6,294,2026-09-12T23:00:00
s7,295,2026-09-13T00:00:00
s8,296,2026-09-14T01:00:00
s9,297,2026-09-15T02:00:00
s10,298,2026-09-16T03:00:00
s0,299,2026-09-17T04:00:00
s1,300,2026-09-18T05:00:00
s2,301,2026-09-19T06:00:00
s3,302,2026-09-20T07:00:00
s4,303,2026-09-21T08:00:00
s5,304,2026-09-22T09:00:00
s6,305,2026-09-23T10:00:00
s7,306,2026-09-24T11:00:00
s8,307,2026-09-25T12:00:00
s9,308,2026-09-26T13:00:00
s10,309,2026-09-27T14:00:00
s0,310,2026-09-28T15:00:00
s1,311,2026-09-01T16:00:00
s2,312,2026-09-02T17:00:00
s3,313,2026-09-03T18:00:00
s4,314,2026-09-04T19:00:00
s5,315,2026-09-05T20:00:00
s6,316,2026-09-06T21:00:00
s7,317,2026-09-07T22:00:00
s8,318,2026-09-08T23:00:00
s9,319,2026-09-09T00:00:00
s10,320,2026-09-10T01:00:00
s0,321,2026-09-11T02:00:00
s1,322,2026-09-12T03:00:00
s2,323,2026-09-13T04:00:00
s3,324,2026-09-14T05:00:00
s4,325,2026-09-15T06:00:00
s5,326,2026-09-16T07:00:00
s6,327,2026-09-17T08:00:00
s7,328,2026-09-18T09:00:00
s8,329,2026-09-19T10:00:00
s9,330,2026-09-20T11:00:00
s10,331,2026-09-21T12:00:00
s0,332,2026-09-22T13:00:00
s1,333,2026-09-23T14:00:00
s2,334,2026-09-24T15:00:00
s3,335,2026-09-25T16:00:00
s4,336,2026-09-26T17:00:00
s5,337,2026-09-27T18:00:00
s6,338,2026-09-28T19:00:00
s7,339,2026-09-01T20:00:00
s8,340,2026-09-02T21:00:00
s9,341,2026-09-03T22:00:00
s10,342,2026-09-04T23:00:00
s0,343,2026-09-05T00:00:00
s1,344,2026-09-06T01:00:00
s2,345,2026-09-07T02:00:00
s3,346,2026-09-08T03:00:00
s4,347,2026-09-09T04:00:00
s5,348,2026-09-10T05:00:00
s6,349,2026-09-11T06:00:00
s7,350,2026-09-12T07:00:00
s8,351,2026-09-13T08:00:00
s9,352,2026-09-14T09:00:00
s10,353,2026-09-15T10:00:00
s0,354,2026-09-16T11:00:00
s1,355,2026-09-17T12:00:00
s2,356,2026-09-18T13:00:00
s3,357,2026-09-19T14:00:00
s4,358,2026-09-20T15:00:00
s5,359,2026-09-21T16:00:00
s6,360,2026-09-22T17:00:00
s7,361,2026-09-23T18:00:00
s8,362,2026-09-24T19:00:00
s9,363,2026-09-25T20:00:00
s10,364,2026-09-26T21:00:00
s0,365,2026-09-27T22:00:00
s1,366,2026-09-28T23:00:00
s2,367,2026-09-01T00:00:00
s3,368,2026-09-02T01:00:00
s4,369,2026-09-03T02:00:00
s5,370,2026-09-04T03:00:00
s6,371,2026-09-05T04:00:00
s7,372,2026-09-06T05:00:00
s8,373,2026-09-07T06:00:00
s9,374,2026-09-08T07:00:00
s10,375,2026-09-09T08:00:00
s0,376,2026-09-10T09:00:00
s1,377,2026-09-11T10:00:00
s2,378,2026-09-12T11:00:00
s3,379,2026-09-13T12:00:00
s4,380,2026-09-14T13:00:00
s5,381,2026-09-15T14:00:00
s6,382,2026-09-16T15:00:00
s7,383,2026-09-17T16:00:00
s8,384,2026-09-18T17:00:00
s9,385,2026-09-19T18:00:00
s10,386,2026-09-20T19:00:00
s0,387,2026-09-21T20:00:00
s1,388,2026-09-22T21:00:00
s2,389,2026-09-23T22:00:00
s3,390,2026-09-24T23:00:00
s4,391,2026-09-25T00:00:00
s5,392,2026-09-26T01:00:00
s6,393,2026-09-27T02:00:00
s7,394,2026-09-28T03:00:00
s8,395,2026-09-01T04:00:00
s9,396,2026-09-02T05:00:00
s10,397,2026-09-03T06:00:00
s0,398,2026-09-04T07:00:00
s1,399,2026-09-05T08:00:00
s2,400,2026-09-06T09:00:00
s3,401,2026-09-07T10:00:00
s4,402,2026-09-08T11:00:00
s5,403,2026-09-09T12:00:00
s6,404,2026-09-10T13:00:00
s7,405,2026-09-11T14:00:00
s8,406,2026-09-12T15:00:00
s9,407,2026-09-13T16:00:00
s10,408,2026-09-14T17:00:00
s0,409,2026-09-15T18:00:00
s1,410,2026-09-16T19:00:00
s2,411,2026-09-17T20:00:00
s3,412,2026-09-18T21:00:00
s4,413,2026-09-19T22:00:00
s5,414,2026-09-20T23:00:00
s6,415,2026-09-21T00:00:00
s7,416,2026-09-22T01:00:00
s8,417,2026-09-23T02:00:00
s9,418,2026-09-24T03:00:00
s10,419,2026-09-25T04:00:00
s0,420,2026-09-26T05:00:00
s1,421,2026-09-27T06:00:00
s2,422,2026-09-28T07:00:00
s3,423,2026-09-01T08:00:00
s4,424,2026-09-02T09:00:00
s5,425,2026-09-03T10:00:00
s6,426,2026-09-04T11:00:00
s7,427,2026-09-05T12:00:00
s8,428,2026-09-06T13:00:00
s9,429,2026-09-07T14:00:00
s10,430,2026-09-08T15:00:00
s0,431,2026-09-09T16:00:00
s1,432,2026-09-10T17:00:00
s2,433,2026-09-11T18:00:00
s3,434,2026-09-12T19:00:00
s4,435,2026-09-13T20:00:00
s5,436,2026-09-14T21:00:00
s6,437,2026-09-15T22:00:00
s7,438,2026-09-16T23:00:00
s8,439,2026-09-17T00:00:00
s9,440,2026-09-18T01:00:00
s10,441,2026-09-19T02:00:00
s0,442,2026-09-20T03:00:00
s1,443,2026-09-21T04:00:00
s2,444,2026-09-22T05:00:00
s3,445,2026-09-23T06:00:00
s4,446,2026-09-24T07:00:00
s5,447,2026-09-25T08:00:00
s6,448,2026-09-26T09:00:00
s7,449,2026-09-27T10:00:00
s8,450,2026-09-28T11:00:00
s9,451,2026-09-01T12:00:00
s10,452,2026-09-02T13:00:00
s0,453,2026-09-03T14:00:00
s1,454,2026-09-04T15:00:00
s2,455,2026-09-05T16:00:00
s3,456,2026-09-06T17:00:00
s4,457,2026-09-07T18:00:00
s5,458,2026-09-08T19:00:00
s6,459,2026-09-09T20:00:00
s7,460,2026-09-10T21:00:00
s8,461,2026-09-11T22:00:00
s9,462,2026-09-12T23:00:00
s10,463,2026-09-13T00:00:00
s0,464,2026-09-14T01:00:00
s1,465,2026-09-15T02:00:00
s2,466,2026-09-16T03:00:00
s3,467,2026-09-17T04:00:00
s4,468,2026-09-18T05:00:00
s5,469,2026-09-19T06:00:00
s6,470,2026-09-20T07:00:00
s7,471,2026-09-21T08:00:00
s8,472,2026-09-22T09:00:00
s9,473,2026-09-23T10:00:00
s10,474,2026-09-24T11:00:00
s0,475,2026-09-25T12:00:00
s1,476,2026-09-26T13:00:00
s2,477,2026-09-27T14:00:00
s3,478,2026-09-28T15:00:00
s4,479,2026-09-01T16:00:00
s5,480,2026-09-02T17:00:00
s6,481,2026-09-03T18:00:00
s7,482,2026-09-04T19:00:00
s8,483,2026-09-05T20:00:00
s9,484,2026-09-06T21:00:00
s10,485,2026-09-07T22:00:00
s0,486,2026-09-08T23:00:00
s1,487,2026-09-09T00:00:00
s2,488,2026-09-10T01:00:00
s3,489,2026-09-11T02:00:00
s4,490,2026-09-12T03:00:00
s5,491,2026-09-13T04:00:00
s6,492,2026-09-14T05:00:00
s7,493,2026-09-15T06:00:00
s8,494,2026-09-16T07:00:00
s9,495,2026-09-17T08:00:00
s10,496,2026-09-18T09:00:00
s0,497,2026-09-19T10:00:00
s1,498,2026-09-20T11:00:00
s2,499,2026-09-21T12:00:00
s3,500,2026-09-22T13:00:00
s4,501,2026-09-23T14:00:00
s5,502,2026-09-24T15:00:00
s6,503,2026-09-25T16:00:00
s7,504,2026-09-26T17:00:00
s8,505,2026-09-27T18:00:00
s9,506,2026-09-28T19:00:00
s10,507,2026-09-01T20:00:00
s0,508,2026-09-02T21:00:00
s1,509,2026-09-03T22:00:00
s2,510,2026-09-04T23:00:00
s3,511,2026-09-05T00:00:00
s4,512,2026-09-06T01:00:00
s5,513,2026-09-07T02:00:00
s6,514,2026-09-08T03:00:00
s7,515,2026-09-09T04:00:00
s8,516,2026-09-10T05:00:00
s9,517,2026-09-11T06:00:00
s10,518,2026-09-12T07:00:00
s0,519,2026-09-13T08:00:00
s1,520,2026-09-14T09:00:00
s2,521,2026-09-15T10:00:00
s3,522,2026-09-16T11:00:00
s4,523,2026-09-17T12:00:00
s5,524,2026-09-18T13:00:00
s6,525,2026-09-19T14:00:00
s7,526,2026-09-20T15:00:00
s8,527,2026-09-21T16:00:00
s9,528,2026-09-22T17:00:00
s10,529,2026-09-23T18:00:00
s0,530,2026-09-24T19:00:00
s1,531,2026-09-25T20:00:00
s2,532,2026-09-26T21:00:00
s3,533,2026-09-27T22:00:00
s4,534,2026-09-28T23:00:00
s5,535,2026-09-01T00:00:00
s6,536,2026-09-02T01:00:00
s7,537,2026-09-03T02:00:00
s8,538,2026-09-04T03:00:00
s9,539,2026-09-05T04:00:00
s10,540,2026-09-06T05:00:00
s0,541,2026-09-07T06:00:00
s1,542,2026-09-08T07:00:00
s2,543,2026-09-09T08:00:00
s3,544,2026-09-10T09:00:00
s4,545,2026-09-11T10:00:00
s5,546,2026-09-12T11:00:00
s6,547,2026-09-13T12:00:00
s7,548,2026-09-14T13:00:00
s8,549,2026-09-15T14:00:00
s9,550,2026-09-16T15:00:00
s10,551,2026-09-17T16:00:00
s0,552,2026-09-18T17:00:00
s1,553,2026-09-19T18:00:00
s2,554,2026-09-20T19:00:00
s3,555,2026-09-21T20:00:00
s4,556,2026-09-22T21:00:00
s5,557,2026-09-23T22:00:00
s6,558,2026-09-24T23:00:00
s7,559,2026-09-25T00:00:00
s8,560,2026-09-26T01:00:00
s9,561,2026-09-27T02:00:00
s10,562,2026-09-28T03:00:00
s0,563,2026-09-01T04:00:00
s1,564,2026-09-02T05:00:00
s2,565,2026-09-03T06:00:00
s3,566,2026-09-04T07:00:00
s4,567,2026-09-05T08:00:00
s5,568,2026-09-06T09:00:00
s6,569,2026-09-07T10:00:00
s7,570,2026-09-08T11:00:00
s8,571,2026-09-09T12:00:00
s9,572,2026-09-10T13:00:00
s10,573,2026-09-11T14:00:00
s0,574,2026-09-12T15:00:00
s1,575,2026-09-13T16:00:00
s2,576,2026-09-14T17:00:00
s3,577,2026-09-15T18:00:00
s4,578,2026-09-16T19:00:00
s5,579,2026-09-17T20:00:00
s6,580,2026-09-18T21:00:00
s7,581,2026-09-19T22:00:00
s8,582,2026-09-20T23:00:00
s9,583,2026-09-21T00:00:00
s10,584,2026-09-22T01:00:00
s0,585,2026-09-23T02:00:00
s1,586,2026-09-24T03:00:00
s2,587,2026-09-25T04:00:00
s3,588,2026-09-26T05:00:00
s4,589,2026-09-27T06:00:00
s5,590,2026-09-28T07:00:00
s6,591,2026-09-01T08:00:00
s7,592,2026-09-02T09:00:00
s8,593,2026-09-03T10:00:00
s9,594,2026-09-04T11:00:00
s10,595,2026-09-05T12:00:00
s0,596,2026-09-06T13:00:00
s1,597,2026-09-07T14:00:00
s2,598,2026-09-08T15:00:00
s3,599,2026-09-09T16:00:00
s4,600,2026-09-10T17:00:00
s5,601,2026-09-11T18:00:00
s6,602,2026-09-12T19:00:00
s7,603,2026-09-13T20:00:00
s8,604,2026-09-14T21:00:00
s9,605,2026-09-15T22:00:00
s10,606,2026-09-16T23:00:00
s0,607,2026-09-17T00:00:00
s1,608,2026-09-18T01:00:00
s2,609,2026-09-19T02:00:00
s3,610,2026-09-20T03:00:00
s4,611,2026-09-21T04:00:00
s5,612,2026-09-22T05:00:00
s6,613,2026-09-23T06:00:00
s7,614,2026-09-24T07:00:00
s8,615,2026-09-25T08:00:00
s9,616,2026-09-26T09:00:00
s10,617,2026-09-27T10:00:00
s0,618,2026-09-28T11:00:00
s1,619,2026-09-01T12:00:00
s2,620,2026-09-02T13:00:00
s3,621,2026-09-03T14:00:00
s4,622,2026-09-04T15:00:00
s5,623,2026-09-05T16:00:00
s6,624,2026-09-06T17:00:00
s7,625,2026-09-07T18:00:00
s8,626,2026-09-08T19:00:00
s9,627,2026-09-09T20:00:00
s10,628,2026-09-10T21:00:00
s0,629,2026-09-11T22:00:00
s1,630,2026-09-12T23:00:00
s2,631,2026-09-13T00:00:00
s3,632,2026-09-14T01:00:00
s4,633,2026-09-15T02:00:00
s5,634,2026-09-16T03:00:00
s6,635,2026-09-17T04:00:00
s7,636,2026-09-18T05:00:00
s8,637,2026-09-19T06:00:00
s9,638,2026-09-20T07:00:00
s10,639,2026-09-21T08:00:00
s0,640,2026-09-22T09:00:00
s1,641,2026-09-23T10:00:00
s2,642,2026-09-24T11:00:00
s3,643,2026-09-25T12:00:00
s4,644,2026-09-26T13:00:00
s5,645,2026-09-27T14:00:00
s6,646,2026-09-28T15:00:00
s7,647,2026-09-01T16:00:00
s8,648,2026-09-02T17:00:00
s9,649,2026-09-03T18:00:00
s10,650,2026-09-04T19:00:00
s0,651,2026-09-05T20:00:00
s1,652,2026-09-06T21:00:00
s2,653,2026-09-07T22:00:00
s3,654,2026-09-08T23:00:00
s4,655,2026-09-09T00:00:00
s5,656,2026-09-10T01:00:00
s6,657,2026-09-11T02:00:00
s7,658,2026-09-12T03:00:00
s8,659,2026-09-13T04:00:00
s9,660,2026-09-14T05:00:00
s10,661,2026-09-15T06:00:00
s0,662,2026-09-16T07:00:00
s1,663,2026-09-17T08:00:00
s2,664,2026-09-18T09:00:00
s3,665,2026-09-19T10:00:00
s4,666,2026-09-20T11:00:00
s5,667,2026-09-21T12:00:00
s6,668,2026-09-22T13:00:00
s7,669,2026-09-23T14:00:00
s8,670,2026-09-24T15:00:00
s9,671,2026-09-25T16:00:00
s10,672,2026-09-26T17:00:00
s0,673,2026-09-27T18:00:00
s1,674,2026-09-28T19:00:00
s2,675,2026-09-01T20:00:00
s3,676,2026-09-02T21:00:00
s4,677,2026-09-03T22:00:00
s5,678,2026-09-04T23:00:00
s6,679,2026-09-05T00:00:00
s7,680,2026-09-06T01:00:00
s8,681,2026-09-07T02:00:00
s9,682,2026-09-08T03:00:00
s10,683,2026-09-09T04:00:00
s0,684,2026-09-10T05:00:00
s1,685,2026-09-11T06:00:00
s2,686,2026-09-12T07:00:00
s3,687,2026-09-13T08:00:00
s4,688,2026-09-14T09:00:00
s5,689,2026-09-15T10:00:00
s6,690,2026-09-16T11:00:00
s7,691,2026-09-17T12:00:00
s8,692,2026-09-18T13:00:00
s9,693,2026-09-19T14:00:00
s10,694,2026-09-20T15:00:00
s0,695,2026-09-21T16:00:00
s1,696,2026-09-22T17:00:00
s2,697,2026-09-23T18:00:00
s3,698,2026-09-24T19:00:00
s4,699,2026-09-25T20:00:00
s5,700,2026-09-26T21:00:00
s6,701,2026-09-27T22:00:00
s7,702,2026-09-28T23:00:00
s8,703,2026-09-01T00:00:00
s9,704,2026-09-02T01:00:00
s10,705,2026-09-03T02:00:00
s0,706,2026-09-04T03:00:00
s1,707,2026-09-05T04:00:00
s2,708,2026-09-06T05:00:00
s3,709,2026-09-07T06:00:00
s4,710,2026-09-08T07:00:00
s5,711,2026-09-09T08:00:00
s6,712,2026-09-10T09:00:00
s7,713,2026-09-11T10:00:00
s8,714,2026-09-12T11:00:00
s9,715,2026-09-13T12:00:00
s10,716,2026-09-14T13:00:00
s0,717,2026-09-15T14:00:00
s1,718,2026-09-16T15:00:00
s2,719,2026-09-17T16:00:00
s3,720,2026-09-18T17:00:00
s4,721,2026-09-19T18:00:00
s5,722,2026-09-20T19:00:00
s6,723,2026-09-21T20:00:00
s7,724,2026-09-22T21:00:00
s8,725,2026-09-23T22:00:00
s9,726,2026-09-24T23:00:00
s10,727,2026-09-25T00:00:00
s0,728,2026-09-26T01:00:00
s1,729,2026-09-27T02:00:00
s2,730,2026-09-28T03:00:00
s3,731,2026-09-01T04:00:00
s4,732,2026-09-02T05:00:00
s5,733,2026-09-03T06:00:00
s6,734,2026-09-04T07:00:00
s7,735,2026-09-05T08:00:00
s8,736,2026-09-06T09:00:00
s9,737,2026-09-07T10:00:00
s10,738,2026-09-08T11:00:00
s0,739,2026-09-09T12:00:00
s1,740,2026-09-10T13:00:00
s2,741,2026-09-11T14:00:00
s3,742,2026-09-12T15:00:00
s4,743,2026-09-13T16:00:00
s5,744,2026-09-14T17:00:00
s6,745,2026-09-15T18:00:00
s7,746,2026-09-16T19:00:00
s8,747,2026-09-17T20:00:00
s9,748,2026-09-18T21:00:00
s10,749,2026-09-19T22:00:00
s0,750,2026-09-20T23:00:00
s1,751,2026-09-21T00:00:00
s2,752,2026-09-22T01:00:00
s3,753,2026-09-23T02:00:00
s4,754,2026-09-24T03:00:00
s5,755,2026-09-25T04:00:00
s6,756,2026-09-26T05:00:00
s7,757,2026-09-27T06:00:00
s8,758,2026-09-28T07:00:00
s9,759,2026-09-01T08:00:00
s10,760,2026-09-02T09:00:00
s0,761,2026-09-03T10:00:00
s1,762,2026-09-04T11:00:00
s2,763,2026-09-05T12:00:00
s3,764,2026-09-06T13:00:00
s4,765,2026-09-07T14:00:00
s5,766,2026-09-08T15:00:00
s6,767,2026-09-09T16:00:00
s7,768,2026-09-10T17:00:00
s8,769,2026-09-11T18:00:00
s9,770,2026-09-12T19:00:00
s10,771,2026-09-13T20:00:00
s0,772,2026-09-14T21:00:00
s1,773,2026-09-15T22:00:00
s2,774,2026-09-16T23:00:00
s3,775,2026-09-17T00:00:00
s4,776,2026-09-18T01:00:00
s5,777,2026-09-19T02:00:00
s6,778,2026-09-20T03:00:00
s7,779,2026-09-21T04:00:00
s8,780,2026-09-22T05:00:00
s9,781,2026-09-23T06:00:00
s10,782,2026-09-24T07:00:00
s0,783,2026-09-25T08:00:00
s1,784,2026-09-26T09:00:00
s2,785,2026-09-27T10:00:00
s3,786,2026-09-28T11:00:00
s4,787,2026-09-01T12:00:00
s5,788,2026-09-02T13:00:00
s6,789,2026-09-03T14:00:00
s7,790,2026-09-04T15:00:00
s8,791,2026-09-05T16:00:00
s9,792,2026-09-06T17:00:00
s10,793,2026-09-07T18:00:00
s0,794,2026-09-08T19:00:00
s1,795,2026-09-09T20:00:00
s2,796,2026-09-10T21:00:00
s3,797,2026-09-11T22:00:00
s4,798,2026-09-12T23:00:00
s5,799,2026-09-13T00:00:00
s6,800,2026-09-14T01:00:00
s7,801,2026-09-15T02:00:00
s8,802,2026-09-16T03:00:00
s9,803,2026-09-17T04:00:00
s10,804,2026-09-18T05:00:00
s0,805,2026-09-19T06:00:00
s1,806,2026-09-20T07:00:00
s2,807,2026-09-21T08:00:00
s3,808,2026-09-22T09:00:00
s4,809,2026-09-23T10:00:00
s5,810,2026-09-24T11:00:00
s6,811,2026-09-25T12:00:00
s7,812,2026-09-26T13:00:00
s8,813,2026-09-27T14:00:00
s9,814,2026-09-28T15:00:00
s10,815,2026-09-01T16:00:00
s0,816,2026-09-02T17:00:00
s1,817,2026-09-03T18:00:00
s2,818,2026-09-04T19:00:00
s3,819,2026-09-05T20:00:00
s4,820,2026-09-06T21:00:00
s5,821,2026-09-07T22:00:00
s6,822,2026-09-08T23:00:00
s7,823,2026-09-09T00:00:00
s8,824,2026-09-10T01:00:00
s9,825,2026-09-11T02:00:00
s10,826,2026-09-12T03:00:00
s0,827,2026-09-13T04:00:00
s1,828,2026-09-14T05:00:00
s2,829,2026-09-15T06:00:00
s3,830,2026-09-16T07:00:00
s4,831,2026-09-17T08:00:00
s5,832,2026-09-18T09:00:00
s6,833,2026-09-19T10:00:00
s7,834,2026-09-20T11:00:00
s8,835,2026-09-21T12:00:00
s9,836,2026-09-22T13:00:00
s10,837,2026-09-23T14:00:00
s0,838,2026-09-24T15:00:00
s1,839,2026-09-25T16:00:00
s2,840,2026-09-26T17:00:00
s3,841,2026-09-27T18:00:00
s4,842,2026-09-28T19:00:00
s5,843,2026-09-01T20:00:00
s6,844,2026-09-02T21:00:00
s7,845,2026-09-03T22:00:00
s8,846,2026-09-04T23:00:00
s9,847,2026-09-05T00:00:00
s10,848,2026-09-06T01:00:00
s0,849,2026-09-07T02:00:00
s1,850,2026-09-08T03:00:00
s2,851,2026-09-09T04:00:00
s3,852,2026-09-10T05:00:00
s4,853,2026-09-11T06:00:00
s5,854,2026-09-12T07:00:00
s6,855,2026-09-13T08:00:00
s7,856,2026-09-14T09:00:00
s8,857,2026-09-15T10:00:00
s9,858,2026-09-16T11:00:00
s10,859,2026-09-17T12:00:00
s0,860,2026-09-18T13:00:00
s1,861,2026-09-19T14:00:00
s2,862,2026-09-20T15:00:00
s3,863,2026-09-21T16:00:00
s4,864,2026-09-22T17:00:00
s5,865,2026-09-23T18:00:00
s6,866,2026-09-24T19:00:00
s7,867,2026-09-25T20:00:00
s8,868,2026-09-26T21:00:00
s9,869,2026-09-27T22:00:00
s10,870,2026-09-28T23:00:00
s0,871,2026-09-01T00:00:00
s1,872,2026-09-02T01:00:00
s2,873,2026-09-03T02:00:00
s3,874,2026-09-04T03:00:00
s4,875,2026-09-05T04:00:00
s5,876,2026-09-06T05:00:00
s6,877,2026-09-07T06:00:00
s7,878,2026-09-08T07:00:00
s8,879,2026-09-09T08:00:00
s9,880,2026-09-10T09:00:00
s10,881,2026-09-11T10:00:00
s0,882,2026-09-12T11:00:00
s1,883,2026-09-13T12:00:00
s2,884,2026-09-14T13:00:00
s3,885,2026-09-15T14:00:00
s4,886,2026-09-16T15:00:00
s5,887,2026-09-17T16:00:00
s6,888,2026-09-18T17:00:00
s7,889,2026-09-19T18:00:00
s8,890,2026-09-20T19:00:00
s9,891,2026-09-21T20:00:00
s10,892,2026-09-22T21:00:00
s0,893,2026-09-23T22:00:00
s1,894,2026-09-24T23:00:00
s2,895,2026-09-25T00:00:00
s3,896,2026-09-26T01:00:00
s4,897,2026-09-27T02:00:00
s5,898,2026-09-28T03:00:00
s6,899,2026-09-01T04:00:00
s7,900,2026-09-02T05:00:00
s8,901,2026-09-03T06:00:00
s9,902,2026-09-04T07:00:00
s10,903,2026-09-05T08:00:00
s0,904,2026-09-06T09:00:00
s1,905,2026-09-07T10:00:00
s2,906,2026-09-08T11:00:00
s3,907,2026-09-09T12:00:00
s4,908,2026-09-10T13:00:00
s5,909,2026-09-11T14:00:00
s6,910,2026-09-12T15:00:00
s7,911,2026-09-13T16:00:00
s8,912,2026-09-14T17:00:00
s9,913,2026-09-15T18:00:00
s10,914,2026-09-16T19:00:00
s0,915,2026-09-17T20:00:00
s1,916,2026-09-18T21:00:00
s2,917,2026-09-19T22:00:00
s3,918,2026-09-20T23:00:00
s4,919,2026-09-21T00:00:00
s5,920,2026-09-22T01:00:00
s6,921,2026-09-23T02:00:00
s7,922,2026-09-24T03:00:00
s8,923,2026-09-25T04:00:00
s9,924,2026-09-26T05:00:00
s10,925,2026-09-27T06:00:00
s0,926,2026-09-28T07:00:00
s1,927,2026-09-01T08:00:00
s2,928,2026-09-02T09:00:00
s3,929,2026-09-03T10:00:00
s4,930,2026-09-04T11:00:00
s5,931,2026-09-05T12:00:00
s6,932,2026-09-06T13:00:00
s7,933,2026-09-07T14:00:00
s8,934,2026-09-08T15:00:00
s9,935,2026-09-09T16:00:00
s10,936,2026-09-10T17:00:00
s0,937,2026-09-11T18:00:00
s1,938,2026-09-12T19:00:00
s2,939,2026-09-13T20:00:00
s3,940,2026-09-14T21:00:00
s4,941,2026-09-15T22:00:00
s5,942,2026-09-16T23:00:00
s6,943,2026-09-17T00:00:00
s7,944,2026-09-18T01:00:00
s8,945,2026-09-19T02:00:00
s9,946,2026-09-20T03:00:00
s10,947,2026-09-21T04:00:00
s0,948,2026-09-22T05:00:00
s1,949,2026-09-23T06:00:00
s2,950,2026-09-24T07:00:00
s3,951,2026-09-25T08:00:00
s4,952,2026-09-26T09:00:00
s5,953,2026-09-27T10:00:00
s6,954,2026-09-28T11:00:00
s7,955,2026-09-01T12:00:00
s8,956,2026-09-02T13:00:00
s9,957,2026-09-03T14:00:00
s10,958,2026-09-04T15:00:00
s0,959,2026-09-05T16:00:00
s1,960,2026-09-06T17:00:00
s2,961,2026-09-07T18:00:00
s3,962,2026-09-08T19:00:00
s4,963,2026-09-09T20:00:00
s5,964,2026-09-10T21:00:00
s6,965,2026-09-11T22:00:00
s7,966,2026-09-12T23:00:00
s8,967,2026-09-13T00:00:00
s9,968,2026-09-14T01:00:00
s10,969,2026-09-15T02:00:00
s0,970,2026-09-16T03:00:00
s1,971,2026-09-17T04:00:00
s2,972,2026-09-18T05:00:00
s3,973,2026-09-19T06:00:00
s4,974,2026-09-20T07:00:00
s5,975,2026-09-21T08:00:00
s6,976,2026-09-22T09:00:00
s7,0,2026-09-23T10:00:00
s8,1,2026-09-24T11:00:00
s9,2,2026-09-25T12:00:00
s10,3,2026-09-26T13:00:00
s0,4,2026-09-27T14:00:00
s1,5,2026-09-28T15:00:00
s2,6,2026-09-01T16:00:00
s3,7,2026-09-02T17:00:00
s4,8,2026-09-03T18:00:00
s5,9,2026-09-04T19:00:00
s6,10,2026-09-05T20:00:00
s7,11,2026-09-06T21:00:00
s8,12,2026-09-07T22:00:00
s9,13,2026-09-08T23:00:00
s10,14,2026-09-09T00:00:00
s0,15,2026-09-10T01:00:00
s1,16,2026-09-11T02:00:00
s2,17,2026-09-12T03:00:00
s3,18,2026-09-13T04:00:00
s4,19,2026-09-14T05:00:00
s5,20,2026-09-15T06:00:00
s6,21,2026-09-16T07:00:00
s7,22,2026-09-17T08:00:00
s8,23,2026-09-18T09:00:00
s9,24,2026-09-19T10:00:00
s10,25,2026-09-20T11:00:00
s0,26,2026-09-21T12:00:00
s1,27,2026-09-22T13:00:00
s2,28,2026-09-23T14:00:00
s3,29,2026-09-24T15:00:00
s4,30,2026-09-25T16:00:00
s5,31,2026-09-26T17:00:00
s6,32,2026-09-27T18:00:00
s7,33,2026-09-28T19:00:00
s8,34,2026-09-01T20:00:00
s9,35,2026-09-02T21:00:00
s10,36,2026-09-03T22:00:00
s0,37,2026-09-04T23:00:00
s1,38,2026-09-05T00:00:00
s2,39,2026-09-06T01:00:00
s3,40,2026-09-07T02:00:00
s4,41,2026-09-08T03:00:00
s5,42,2026-09-09T04:00:00
s6,43,2026-09-10T05:00:00
s7,44,2026-09-11T06:00:00
s8,45,2026-09-12T07:00:00
s9,46,2026-09-13T08:00:00
s10,47,2026-09-14T09:00:00
s0,48,2026-09-15T10:00:00
s1,49,2026-09-16T11:00:00
s2,50,2026-09-17T12:00:00
s3,51,2026-09-18T13:00:00
s4,52,2026-09-19T14:00:00
s5,53,2026-09-20T15:00:00
s6,54,2026-09-21T16:00:00
s7,55,2026-09-22T17:00:00
s8,56,2026-09-23T18:00:00
s9,57,2026-09-24T19:00:00
s10,58,2026-09-25T20:00:00
s0,59,2026-09-26T21:00:00
s1,60,2026-09-27T22:00:00
s2,61,2026-09-28T23:00:00
s3,62,2026-09-01T00:00:00
s4,63,2026-09-02T01:00:00
s5,64,2026-09-03T02:00:00
s6,65,2026-09-04T03:00:00
s7,66,2026-09-05T04:00:00
s8,67,2026-09-06T05:00:00
s9,68,2026-09-07T06:00:00
s10,69,2026-09-08T07:00:00
s0,70,2026-09-09T08:00:00
s1,71,2026-09-10T09:00:00
s2,72,2026-09-11T10:00:00
s3,73,2026-09-12T11:00:00
s4,74,2026-09-13T12:00:00
s5,75,2026-09-14T13:00:00
s6,76,2026-09-15T14:00:00
s7,77,2026-09-16T15:00:00
s8,78,2026-09-17T16:00:00
s9,79,2026-09-18T17:00:00
s10,80,2026-09-19T18:00:00
s0,81,2026-09-20T19:00:00
s1,82,2026-09-21T20:00:00
s2,83,2026-09-22T21:00:00
s3,84,2026-09-23T22:00:00
s4,85,2026-09-24T23:00:00
s5,86,2026-09-25T00:00:00
s6,87,2026-09-26T01:00:00
s7,88,2026-09-27T02:00:00
s8,89,2026-09-28T03:00:00
s9,90,2026-09-01T04:00:00
s10,91,2026-09-02T05:00:00
s0,92,2026-09-03T06:00:00
s1,93,2026-09-04T07:00:00
s2,94,2026-09-05T08:00:00
s3,95,2026-09-06T09:00:00
s4,96,2026-09-07T10:00:00
s5,97,2026-09-08T11:00:00
s6,98,2026-09-09T12:00:00
s7,99,2026-09-10T13:00:00
s8,100,2026-09-11T14:00:00
s9,101,2026-09-12T15:00:00
s10,102,2026-09-13T16:00:00
s0,103,2026-09-14T17:00:00
s1,104,2026-09-15T18:00:00
s2,105,2026-09-16T19:00:00
s3,106,2026-09-17T20:00:00
s4,107,2026-09-18T21:00:00
s5,108,2026-09-19T22:00:00
s6,109,2026-09-20T23:00:00
s7,110,2026-09-21T00:00:00
s8,111,2026-09-22T01:00:00
s9,112,2026-09-23T02:00:00
s10,113,2026-09-24T03:00:00
s0,114,2026-09-25T04:00:00
s1,115,2026-09-26T05:00:00
s2,116,2026-09-27T06:00:00
s3,117,2026-09-28T07:00:00
s4,118,2026-09-01T08:00:00
s5,119,2026-09-02T09:00:00
s6,120,2026-09-03T10:00:00
s7,121,2026-09-04T11:00:00
s8,122,2026-09-05T12:00:00
s9,123,2026-09-06T13:00:00
s10,124,2026-09-07T14:00:00
s0,125,2026-09-08T15:00:00
s1,126,2026-09-09T16:00:00
s2,127,2026-09-10T17:00:00
s3,128,2026-09-11T18:00:00
s4,129,2026-09-12T19:00:00
s5,130,2026-09-13T20:00:00
s6,131,2026-09-14T21:00:00
s7,132,2026-09-15T22:00:00
s8,133,2026-09-16T23:00:00
s9,134,2026-09-17T00:00:00
s10,135,2026-09-18T01:00:00
s0,136,2026-09-19T02:00:00
s1,137,2026-09-20T03:00:00
s2,138,2026-09-21T04:00:00
s3,139,2026-09-22T05:00:00
s4,140,2026-09-23T06:00:00
s5,141,2026-09-24T07:00:00
s6,142,2026-09-25T08:00:00
s7,143,2026-09-26T09:00:00
s8,144,2026-09-27T10:00:00
s9,145,2026-09-28T11:00:00
s10,146,2026-09-01T12:00:00
s0,147,2026-09-02T13:00:00
s1,148,2026-09-03T14:00:00
s2,149,2026-09-04T15:00:00
s3,150,2026-09-05T16:00:00
s4,151,2026-09-06T17:00:00
s5,152,2026-09-07T18:00:00
s6,153,2026-09-08T19:00:00
s7,154,2026-09-09T20:00:00
s8,155,2026-09-10T21:00:00
s9,156,2026-09-11T22:00:00
s10,157,2026-09-12T23:00:00
s0,158,2026-09-13T00:00:00
s1,159,2026-09-14T01:00:00
s2,160,2026-09-15T02:00:00
s3,161,2026-09-16T03:00:00
s4,162,2026-09-17T04:00:00
s5,163,2026-09-18T05:00:00
s6,164,2026-09-19T06:00:00
s7,165,2026-09-20T07:00:00
s8,166,2026-09-21T08:00:00
s9,167,2026-09-22T09:00:00
s10,168,2026-09-23T10:00:00
s0,169,2026-09-24T11:00:00
s1,170,2026-09-25T12:00:00
s2,171,2026-09-26T13:00:00
s3,172,2026-09-27T14:00:00
s4,173,2026-09-28T15:00:00
s5,174,2026-09-01T16:00:00
s6,175,2026-09-02T17:00:00
s7,176,2026-09-03T18:00:00
s8,177,2026-09-04T19:00:00
s9,178,2026-09-05T20:00:00
s10,179,2026-09-06T21:00:00
s0,180,2026-09-07T22:00:00
s1,181,2026-09-08T23:00:00
s2,182,2026-09-09T00:00:00
s3,183,2026-09-10T01:00:00
s4,184,2026-09-11T02:00:00
s5,185,2026-09-12T03:00:00
s6,186,2026-09-13T04:00:00
s7,187,2026-09-14T05:00:00
s8,188,2026-09-15T06:00:00
s9,189,2026-09-16T07:00:00
s10,190,2026-09-17T08:00:00
s0,191,2026-09-18T09:00:00
s1,192,2026-09-19T10:00:00
s2,193,2026-09-20T11:00:00
s3,194,2026-09-21T12:00:00
s4,195,2026-09-22T13:00:00
s5,196,2026-09-23T14:00:00
s6,197,2026-09-24T15:00:00
s7,198,2026-09-25T16:00:00
s8,199,2026-09-26T17:00:00
s9,200,2026-09-27T18:00:00
s10,201,2026-09-28T19:00:00
s0,202,2026-09-01T20:00:00
s1,203,2026-09-02T21:00:00
s2,204,2026-09-03T22:00:00
s3,205,2026-09-04T23:00:00
s4,206,2026-09-05T00:00:00
s5,207,2026-09-06T01:00:00
s6,208,2026-09-07T02:00:00
s7,209,2026-09-08T03:00:00
s8,210,2026-09-09T04:00:00
s9,211,2026-09-10T05:00:00
s10,212,2026-09-11T06:00:00
s0,213,2026-09-12T07:00:00
s1,214,2026-09-13T08:00:00
s2,215,2026-09-14T09:00:00
s3,216,2026-09-15T10:00:00
s4,217,2026-09-16T11:00:00
s5,218,2026-09-17T12:00:00
s6,219,2026-09-18T13:00:00
s7,220,2026-09-19T14:00:00
s8,221,2026-09-20T15:00:00
s9,222,2026-09-21T16:00:00
s10,223,2026-09-22T17:00:00
s0,224,2026-09-23T18:00:00
s1,225,2026-09-24T19:00:00
s2,226,2026-09-25T20:00:00
s3,227,2026-09-26T21:00:00
s4,228,2026-09-27T22:00:00
s5,229,2026-09-28T23:00:00
s6,230,2026-09-01T00:00:00
s7,231,2026-09-02T01:00:00
s8,232,2026-09-03T02:00:00
s9,233,2026-09-04T03:00:00
s10,234,2026-09-05T04:00:00
s0,235,2026-09-06T05:00:00
s1,236,2026-09-07T06:00:00
s2,237,2026-09-08T07:00:00
s3,238,2026-09-09T08:00:00
s4,239,2026-09-10T09:00:00
s5,240,2026-09-11T10:00:00
s6,241,2026-09-12T11:00:00
s7,242,2026-09-13T12:00:00
s8,243,2026-09-14T13:00:00
s9,244,2026-09-15T14:00:00
s10,245,2026-09-16T15:00:00
s0,246,2026-09-17T16:00:00
s1,247,2026-09-18T17:00:00
s2,248,2026-09-19T18:00:00
s3,249,2026-09-20T19:00:00
s4,250,2026-09-21T20:00:00
s5,251,2026-09-22T21:00:00
s6,252,2026-09-23T22:00:00
s7,253,2026-09-24T23:00:00
s8,254,2026-09-25T00:00:00
s9,255,2026-09-26T01:00:00
s10,256,2026-09-27T02:00:00
s0,257,2026-09-28T03:00:00
s1,258,2026-09-01T04:00:00
s2,259,2026-09-02T05:00:00
s3,260,2026-09-03T06:00:00
s4,261,2026-09-04T07:00:00
s5,262,2026-09-05T08:00:00
s6,263,2026-09-06T09:00:00
s7,264,2026-09-07T10:00:00
s8,265,2026-09-08T11:00:00
s9,266,2026-09-09T12:00:00
s10,267,2026-09-10T13:00:00
s0,268,2026-09-11T14:00:00
s1,269,2026-09-12T15:00:00
s2,270,2026-09-13T16:00:00
s3,271,2026-09-14T17:00:00
s4,272,2026-09-15T18:00:00
s5,273,2026-09-16T19:00:00
s6,274,2026-09-17T20:00:00
s7,275,2026-09-18T21:00:00
s8,276,2026-09-19T22:00:00
s9,277,2026-09-20T23:00:00
s10,278,2026-09-21T00:00:00
s0,279,2026-09-22T01:00:00
s1,280,2026-09-23T02:00:00
s2,281,2026-09-24T03:00:00
s3,282,2026-09-25T04:00:00
s4,283,2026-09-26T05:00:00
s5,284,2026-09-27T06:00:00
s6,285,2026-09-28T07:00:00
s7,286,2026-09-01T08:00:00
s8,287,2026-09-02T09:00:00
s9,288,2026-09-03T10:00:00
s10,289,2026-09-04T11:00:00
s0,290,2026-09-05T12:00:00
s1,291,2026-09-06T13:00:00
s2,292,2026-09-07T14:00:00
s3,293,2026-09-08T15:00:00
s4,294,2026-09-09T16:00:00
s5,295,2026-09-10T17:00:00
s6,296,2026-09-11T18:00:00
s7,297,2026-09-12T19:00:00
s8,298,2026-09-13T20:00:00
s9,299,2026-09-14T21:00:00
s10,300,2026-09-15T22:00:00
s0,301,2026-09-16T23:00:00
s1,302,2026-09-17T00:00:00
s2,303,2026-09-18T01:00:00
s3,304,2026-09-19T02:00:00
s4,305,2026-09-20T03:00:00
s5,306,2026-09-21T04:00:00
s6,307,2026-09-22T05:00:00
s7,308,2026-09-23T06:00:00
s8,309,2026-09-24T07:00:00
s9,310,2026-09-25T08:00:00
s10,311,2026-09-26T09:00:00
s0,312,2026-09-27T10:00:00
s1,313,2026-09-28T11:00:00
s2,314,2026-09-01T12:00:00
s3,315,2026-09-02T13:00:00
s4,316,2026-09-03T14:00:00
s5,317,2026-09-04T15:00:00
s6,318,2026-09-05T16:00:00
s7,319,2026-09-06T17:00:00
s8,320,2026-09-07T18:00:00
s9,321,2026-09-08T19:00:00
s10,322,2026-09-09T20:00:00
s0,323,2026-09-10T21:00:00
s1,324,2026-09-11T22:00:00
s2,325,2026-09-12T23:00:00
s3,326,2026-09-13T00:00:00
s4,327,2026-09-14T01:00:00
s5,328,2026-09-15T02:00:00
s6,329,2026-09-16T03:00:00
s7,330,2026-09-17T04:00:00
s8,331,2026-09-18T05:00:00
s9,332,2026-09-19T06:00:00
s10,333,2026-09-20T07:00:00
s0,334,2026-09-21T08:00:00
s1,335,2026-09-22T09:00:00
s2,336,2026-09-23T10:00:00
s3,337,2026-09-24T11:00:00
s4,338,2026-09-25T12:00:00
s5,339,2026-09-26T13:00:00
s6,340,2026-09-27T14:00:00
s7,341,2026-09-28T15:00:00
s8,342,2026-09-01T16:00:00
s9,343,2026-09-02T17:00:00
s10,344,2026-09-03T18:00:00
s0,345,2026-09-04T19:00:00
s1,346,2026-09-05T20:00:00
s2,347,2026-09-06T21:00:00
s3,348,2026-09-07T22:00:00
s4,349,2026-09-08T23:00:00
s5,350,2026-09-09T00:00:00
s6,351,2026-09-10T01:00:00
s7,352,2026-09-11T02:00:00
s8,353,2026-09-12T03:00:00
s9,354,2026-09-13T04:00:00
s10,355,2026-09-14T05:00:00
s0,356,2026-09-15T06:00:00
s1,357,2026-09-16T07:00:00
s2,358,2026-09-17T08:00:00
s3,359,2026-09-18T09:00:00
s4,360,2026-09-19T10:00:00
s5,361,2026-09-20T11:00:00
s6,362,2026-09-21T12:00:00
s7,363,2026-09-22T13:00:00
s8,364,2026-09-23T14:00:00
s9,365,2026-09-24T15:00:00
s10,366,2026-09-25T16:00:00
s0,367,2026-09-26T17:00:00
s1,368,2026-09-27T18:00:00
s2,369,2026-09-28T19:00:00
s3,370,2026-09-01T20:00:00
s4,371,2026-09-02T21:00:00
s5,372,2026-09-03T22:00:00
s6,373,2026-09-04T23:00:00
s7,374,2026-09-05T00:00:00
s8,375,2026-09-06T01:00:00
s9,376,2026-09-07T02:00:00
s10,377,2026-09-08T03:00:00
s0,378,2026-09-09T04:00:00
s1,379,2026-09-10T05:00:00
s2,380,2026-09-11T06:00:00
s3,381,2026-09-12T07:00:00
s4,382,2026-09-13T08:00:00
s5,383,2026-09-14T09:00:00
s6,384,2026-09-15T10:00:00
s7,385,2026-09-16T11:00:00
s8,386,2026-09-17T12:00:00
s9,387,2026-09-18T13:00:00
s10,388,2026-09-19T14:00:00
s0,389,2026-09-20T15:00:00
s1,390,2026-09-21T16:00:00
s2,391,2026-09-22T17:00:00
s3,392,2026-09-23T18:00:00
s4,393,2026-09-24T19:00:00
s5,394,2026-09-25T20:00:00
s6,395,2026-09-26T21:00:00
s7,396,2026-09-27T22:00:00
s8,397,2026-09-28T23:00:00
s9,398,2026-09-01T00:00:00
s10,399,2026-09-02T01:00:00
s0,400,2026-09-03T02:00:00
s1,401,2026-09-04T03:00:00
s2,402,2026-09-05T04:00:00
s3,403,2026-09-06T05:00:00
s4,404,2026-09-07T06:00:00
s5,405,2026-09-08T07:00:00
s6,406,2026-09-09T08:00:00
s7,407,2026-09-10T09:00:00
s8,408,2026-09-11T10:00:00
s9,409,2026-09-12T11:00:00
s10,410,2026-09-13T12:00:00
s0,411,2026-09-14T13:00:00
s1,412,2026-09-15T14:00:00
s2,413,2026-09-16T15:00:00
s3,414,2026-09-17T16:00:00
s4,415,2026-09-18T17:00:00
s5,416,2026-09-19T18:00:00
s6,417,2026-09-20T19:00:00
s7,418,2026-09-21T20:00:00
s8,419,2026-09-22T21:00:00
s9,420,2026-09-23T22:00:00
s10,421,2026-09-24T23:00:00
s0,422,2026-09-25T00:00:00
s1,423,2026-09-26T01:00:00
s2,424,2026-09-27T02:00:00
s3,425,2026-09-28T03:00:00
s4,426,2026-09-01T04:00:00
s5,427,2026-09-02T05:00:00
s6,428,2026-09-03T06:00:00
s7,429,2026-09-04T07:00:00
s8,430,2026-09-05T08:00:00
s9,431,2026-09-06T09:00:00
s10,432,2026-09-07T10:00:00
s0,433,2026-09-08T11:00:00
s1,434,2026-09-09T12:00:00
s2,435,2026-09-10T13:00:00
s3,436,2026-09-11T14:00:00
s4,437,2026-09-12T15:00:00
s5,438,2026-09-13T16:00:00
s6,439,2026-09-14T17:00:00
s7,440,2026-09-15T18:00:00
s8,441,2026-09-16T19:00:00
s9,442,2026-09-17T20:00:00
s10,443,2026-09-18T21:00:00
s0,444,2026-09-19T22:00:00
s1,445,2026-09-20T23:00:00
s2,446,2026-09-21T00:00:00
s3,447,2026-09-22T01:00:00
s4,448,2026-09-23T02:00:00
s5,449,2026-09-24T03:00:00
s6,450,2026-09-25T04:00:00
s7,451,2026-09-26T05:00:00
s8,452,2026-09-27T06:00:00
s9,453,2026-09-28T07:00:00
s10,454,2026-09-01T08:00:00
s0,455,2026-09-02T09:00:00
s1,456,2026-09-03T10:00:00
s2,457,2026-09-04T11:00:00
s3,458,2026-09-05T12:00:00
s4,459,2026-09-06T13:00:00
s5,460,2026-09-07T14:00:00
s6,461,2026-09-08T15:00:00
s7,462,2026-09-09T16:00:00
s8,463,2026-09-10T17:00:00
s9,464,2026-09-11T18:00:00
s10,465,2026-09-12T19:00:00
s0,466,2026-09-13T20:00:00
s1,467,2026-09-14T21:00:00
s2,468,2026-09-15T22:00:00
s3,469,2026-09-16T23:00:00
s4,470,2026-09-17T00:00:00
s5,471,2026-09-18T01:00:00
s6,472,2026-09-19T02:00:00
s7,473,2026-09-20T03:00:00
s8,474,2026-09-21T04:00:00
s9,475,2026-09-22T05:00:00
s10,476,2026-09-23T06:00:00
s0,477,2026-09-24T07:00:00
s1,478,2026-09-25T08:00:00
s2,479,2026-09-26T09:00:00
s3,480,2026-09-27T10:00:00
s4,481,2026-09-28T11:00:00
s5,482,2026-09-01T12:00:00
s6,483,2026-09-02T13:00:00
s7,484,2026-09-03T14:00:00
s8,485,2026-09-04T15:00:00
s9,486,2026-09-05T16:00:00
s10,487,2026-09-06T17:00:00
s0,488,2026-09-07T18:00:00
s1,489,2026-09-08T19:00:00
s2,490,2026-09-09T20:00:00
s3,491,2026-09-10T21:00:00
s4,492,2026-09-11T22:00:00
s5,493,2026-09-12T23:00:00
s6,494,2026-09-13T00:00:00
s7,495,2026-09-14T01:00:00
s8,496,2026-09-15T02:00:00
s9,497,2026-09-16T03:00:00
s10,498,2026-09-17T04:00:00
s0,499,2026-09-18T05:00:00
s1,500,2026-09-19T06:00:00
s2,501,2026-09-20T07:00:00
s3,502,2026-09-21T08:00:00
s4,503,2026-09-22T09:00:00
s5,504,2026-09-23T10:00:00
s6,505,2026-09-24T11:00:00
s7,506,2026-09-25T12:00:00
s8,507,2026-09-26T13:00:00
s9,508,2026-09-27T14:00:00
s10,509,2026-09-28T15:00:00
s0,510,2026-09-01T16:00:00
s1,511,2026-09-02T17:00:00
s2,512,2026-09-03T18:00:00
s3,513,2026-09-04T19:00:00
s4,514,2026-09-05T20:00:00
s5,515,2026-09-06T21:00:00
s6,516,2026-09-07T22:00:00
s7,517,2026-09-08T23:00:00
s8,518,2026-09-09T00:00:00
s9,519,2026-09-10T01:00:00
s10,520,2026-09-11T02:00:00
s0,521,2026-09-12T03:00:00
s1,522,2026-09-13T04:00:00
s2,523,2026-09-14T05:00:00
s3,524,2026-09-15T06:00:00
s4,525,2026-09-16T07:00:00
s5,526,2026-09-17T08:00:00
s6,527,2026-09-18T09:00:00
s7,528,2026-09-19T10:00:00
s8,529,2026-09-20T11:00:00
s9,530,2026-09-21T12:00:00
s10,531,2026-09-22T13:00:00
s0,532,2026-09-23T14:00:00
s1,533,2026-09-24T15:00:00
s2,534,2026-09-25T16:00:00
s3,535,2026-09-26T17:00:00
s4,536,2026-09-27T18:00:00
s5,537,2026-09-28T19:00:00
s6,538,2026-09-01T20:00:00
s7,539,2026-09-02T21:00:00
s8,540,2026-09-03T22:00:00
s9,541,2026-09-04T23:00:00
s10,542,2026-09-05T00:00:00
s0,543,2026-09-06T01:00:00
s1,544,2026-09-07T02:00:00
s2,545,2026-09-08T03:00:00
s3,546,2026-09-09T04:00:00
s4,547,2026-09-10T05:00:00
s5,548,2026-09-11T06:00:00
s6,549,2026-09-12T07:00:00
s7,550,2026-09-13T08:00:00
s8,551,2026-09-14T09:00:00
s9,552,2026-09-15T10:00:00
s10,553,2026-09-16T11:00:00
s0,554,2026-09-17T12:00:00
s1,555,2026-09-18T13:00:00
s2,556,2026-09-19T14:00:00
s3,557,2026-09-20T15:00:00
s4,558,2026-09-21T16:00:00
s5,559,2026-09-22T17:00:00
s6,560,2026-09-23T18:00:00
s7,561,2026-09-24T19:00:00
s8,562,2026-09-25T20:00:00
s9,563,2026-09-26T21:00:00
s10,564,2026-09-27T22:00:00
s0,565,2026-09-28T23:00:00
s1,566,2026-09-01T00:00:00
s2,567,2026-09-02T01:00:00
s3,568,2026-09-03T02:00:00
s4,569,2026-09-04T03:00:00
s5,570,2026-09-05T04:00:00
s6,571,2026-09-06T05:00:00
s7,572,2026-09-07T06:00:00
s8,573,2026-09-08T07:00:00
s9,574,2026-09-09T08:00:00
s10,575,2026-09-10T09:00:00
s0,576,2026-09-11T10:00:00
s1,577,2026-09-12T11:00:00
s2,578,2026-09-13T12:00:00
s3,579,2026-09-14T13:00:00
s4,580,2026-09-15T14:00:00
s5,581,2026-09-16T15:00:00
s6,582,2026-09-17T16:00:00
s7,583,2026-09-18T17:00:00
s8,584,2026-09-19T18:00:00
s9,585,2026-09-20T19:00:00
s10,586,2026-09-21T20:00:00
s0,587,2026-09-22T21:00:00
s1,588,2026-09-23T22:00:00
s2,589,2026-09-24T23:00:00
s3,590,2026-09-25T00:00:00
s4,591,2026-09-26T01:00:00
s5,592,2026-09-27T02:00:00
s6,593,2026-09-28T03:00:00
s7,594,2026-09-01T04:00:00
s8,595,2026-09-02T05:00:00
s9,596,2026-09-03T06:00:00
s10,597,2026-09-04T07:00:00
s0,598,2026-09-05T08:00:00
s1,599,2026-09-06T09:00:00
s2,600,2026-09-07T10:00:00
s3,601,2026-09-08T11:00:00
s4,602,2026-09-09T12:00:00
s5,603,2026-09-10T13:00:00
s6,604,2026-09-11T14:00:00
s7,605,2026-09-12T15:00:00
s8,606,2026-09-13T16:00:00
s9,607,2026-09-14T17:00:00
s10,608,2026-09-15T18:00:00
s0,609,2026-09-16T19:00:00
s1,610,2026-09-17T20:00:00
s2,611,2026-09-18T21:00:00
s3,612,2026-09-19T22:00:00
s4,613,2026-09-20T23:00:00
s5,614,2026-09-21T00:00:00
s6,615,2026-09-22T01:00:00
s7,616,2026-09-23T02:00:00
s8,617,2026-09-24T03:00:00
s9,618,2026-09-25T04:00:00
s10,619,2026-09-26T05:00:00
s0,620,2026-09-27T06:00:00
s1,621,2026-09-28T07:00:00
s2,622,2026-09-01T08:00:00
s3,623,2026-09-02T09:00:00
s4,624,2026-09-03T10:00:00
s5,625,2026-09-04T11:00:00
s6,626,2026-09-05T12:00:00
s7,627,2026-09-06T13:00:00
s8,628,2026-09-07T14:00:00
s9,629,2026-09-08T15:00:00
s10,630,2026-09-09T16:00:00
s0,631,2026-09-10T17:00:00
s1,632,2026-09-11T18:00:00
s2,633,2026-09-12T19:00:00
s3,634,2026-09-13T20:00:00
s4,635,2026-09-14T21:00:00
s5,636,2026-09-15T22:00:00
s6,637,2026-09-16T23:00:00
s7,638,2026-09-17T00:00:00
s8,639,2026-09-18T01:00:00
s9,640,2026-09-19T02:00:00
s10,641,2026-09-20T03:00:00
s0,642,2026-09-21T04:00:00
s1,643,2026-09-22T05:00:00
s2,644,2026-09-23T06:00:00
s3,645,2026-09-24T07:00:00
s4,646,2026-09-25T08:00:00
s5,647,2026-09-26T09:00:00
s6,648,2026-09-27T10:00:00
s7,649,2026-09-28T11:00:00
s8,650,2026-09-01T12:00:00
s9,651,2026-09-02T13:00:00
s10,652,2026-09-03T14:00:00
s0,653,2026-09-04T15:00:00
s1,654,2026-09-05T16:00:00
s2,655,2026-09-06T17:00:00
s3,656,2026-09-07T18:00:00
s4,657,2026-09-08T19:00:00
s5,658,2026-09-09T20:00:00
s6,659,2026-09-10T21:00:00
s7,660,2026-09-11T22:00:00
s8,661,2026-09-12T23:00:00
s9,662,2026-09-13T00:00:00
s10,663,2026-09-14T01:00:00
s0,664,2026-09-15T02:00:00
s1,665,2026-09-16T03:00:00
s2,666,2026-09-17T04:00:00
s3,667,2026-09-18T05:00:00
s4,668,2026-09-19T06:00:00
s5,669,2026-09-20T07:00:00
s6,670,2026-09-21T08:00:00
s7,671,2026-09-22T09:00:00
s8,672,2026-09-23T10:00:00
s9,673,2026-09-24T11:00:00
s10,674,2026-09-25T12:00:00
s0,675,2026-09-26T13:00:00
s1,676,2026-09-27T14:00:00
s2,677,2026-09-28T15:00:00
s3,678,2026-09-01T16:00:00
s4,679,2026-09-02T17:00:00
s5,680,2026-09-03T18:00:00
s6,681,2026-09-04T19:00:00
s7,682,2026-09-05T20:00:00
s8,683,2026-09-06T21:00:00
s9,684,2026-09-07T22:00:00
s10,685,2026-09-08T23:00:00
s0,686,2026-09-09T00:00:00
s1,687,2026-09-10T01:00:00
s2,688,2026-09-11T02:00:00
s3,689,2026-09-12T03:00:00
s4,690,2026-09-13T04:00:00
s5,691,2026-09-14T05:00:00
s6,692,2026-09-15T06:00:00
s7,693,2026-09-16T07:00:00
s8,694,2026-09-17T08:00:00
s9,695,2026-09-18T09:00:00
s10,696,2026-09-19T10:00:00
s0,697,2026-09-20T11:00:00
s1,698,2026-09-21T12:00:00
s2,699,2026-09-22T13:00:00
s3,700,2026-09-23T14:00:00
s4,701,2026-09-24T15:00:00
s5,702,2026-09-25T16:00:00
s6,703,2026-09-26T17:00:00
s7,704,2026-09-27T18:00:00
s8,705,2026-09-28T19:00:00
s9,706,2026-09-01T20:00:00
s10,707,2026-09-02T21:00:00
s0,708,2026-09-03T22:00:00
s1,709,2026-09-04T23:00:00
s2,710,2026-09-05T00:00:00
s3,711,2026-09-06T01:00:00
s4,712,2026-09-07T02:00:00
s5,713,2026-09-08T03:00:00
s6,714,2026-09-09T04:00:00
s7,715,2026-09-10T05:00:00
s8,716,2026-09-11T06:00:00
s9,717,2026-09-12T07:00:00
s10,718,2026-09-13T08:00:00
s0,719,2026-09-14T09:00:00
s1,720,2026-09-15T10:00:00
s2,721,2026-09-16T11:00:00
s3,722,2026-09-17T12:00:00
s4,723,2026-09-18T13:00:00
s5,724,2026-09-19T14:00:00
s6,725,2026-09-20T15:00:00
s7,726,2026-09-21T16:00:00
s8,727,2026-09-22T17:00:00
s9,728,2026-09-23T18:00:00
s10,729,2026-09-24T19:00:00
s0,730,2026-09-25T20:00:00
s1,731,2026-09-26T21:00:00
s2,732,2026-09-27T22:00:00
s3,733,2026-09-28T23:00:00
s4,734,2026-09-01T00:00:00
s5,735,2026-09-02T01:00:00
s6,736,2026-09-03T02:00:00
s7,737,2026-09-04T03:00:00
s8,738,2026-09-05T04:00:00
s9,739,2026-09-06T05:00:00
s10,740,2026-09-07T06:00:00
s0,741,2026-09-08T07:00:00
s1,742,2026-09-09T08:00:00
s2,743,2026-09-10T09:00:00
s3,744,2026-09-11T10:00:00
s4,745,2026-09-12T11:00:00
s5,746,2026-09-13T12:00:00
s6,747,2026-09-14T13:00:00
s7,748,2026-09-15T14:00:00
s8,749,2026-09-16T15:00:00
s9,750,2026-09-17T16:00:00
s10,751,2026-09-18T17:00:00
s0,752,2026-09-19T18:00:00
s1,753,2026-09-20T19:00:00
s2,754,2026-09-21T20:00:00
s3,755,2026-09-22T21:00:00
s4,756,2026-09-23T22:00:00
s5,757,2026-09-24T23:00:00
s6,758,2026-09-25T00:00:00
s7,759,2026-09-26T01:00:00
s8,760,2026-09-27T02:00:00
s9,761,2026-09-28T03:00:00
s10,762,2026-09-01T04:00:00
s0,763,2026-09-02T05:00:00
s1,764,2026-09-03T06:00:00
s2,765,2026-09-04T07:00:00
s3,766,2026-09-05T08:00:00
s4,767,2026-09-06T09:00:00
s5,768,2026-09-07T10:00:00
s6,769,2026-09-08T11:00:00
s7,770,2026-09-09T12:00:00
s8,771,2026-09-10T13:00:00
s9,772,2026-09-11T14:00:00
s10,773,2026-09-12T15:00:00
s0,774,2026-09-13T16:00:00
s1,775,2026-09-14T17:00:00
s2,776,2026-09-15T18:00:00
s3,777,2026-09-16T19:00:00
s4,778,2026-09-17T20:00:00
s5,779,2026-09-18T21:00:00
s6,780,2026-09-19T22:00:00
s7,781,2026-09-20T23:00:00
s8,782,2026-09-21T00:00:00
s9,783,2026-09-22T01:00:00
s10,784,2026-09-23T02:00:00
s0,785,2026-09-24T03:00:00
s1,786,2026-09-25T04:00:00
s2,787,2026-09-26T05:00:00
s3,788,2026-09-27T06:00:00
s4,789,2026-09-28T07:00:00
s5,790,2026-09-01T08:00:00
s6,791,2026-09-02T09:00:00
s7,792,2026-09-03T10:00:00
s8,793,2026-09-04T11:00:00
s9,794,2026-09-05T12:00:00
s10,795,2026-09-06T13:00:00
s0,796,2026-09-07T14:00:00
s1,797,2026-09-08T15:00:00
s2,798,2026-09-09T16:00:00
s3,799,2026-09-10T17:00:00
s4,800,2026-09-11T18:00:00
s5,801,2026-09-12T19:00:00
s6,802,2026-09-13T20:00:00
s7,803,2026-09-14T21:00:00
s8,804,2026-09-15T22:00:00
s9,805,2026-09-16T23:00:00
s10,806,2026-09-17T00:00:00
s0,807,2026-09-18T01:00:00
s1,808,2026-09-19T02:00:00
s2,809,2026-09-20T03:00:00
s3,810,2026-09-21T04:00:00
s4,811,2026-09-22T05:00:00
s5,812,2026-09-23T06:00:00
s6,813,2026-09-24T07:00:00
s7,814,2026-09-25T08:00:00
s8,815,2026-09-26T09:00:00
s9,816,2026-09-27T10:00:00
s10,817,2026-09-28T11:00:00
s0,818,2026-09-01T12:00:00
s1,819,2026-09-02T13:00:00
s2,820,2026-09-03T14:00:00
s3,821,2026-09-04T15:00:00
s4,822,2026-09-05T16:00:00
s5,823,2026-09-06T17:00:00
s6,824,2026-09-07T18:00:00
s7,825,2026-09-08T19:00:00
s8,826,2026-09-09T20:00:00
s9,827,2026-09-10T21:00:00
s10,828,2026-09-11T22:00:00
s0,829,2026-09-12T23:00:00
s1,830,2026-09-13T00:00:00
s2,831,2026-09-14T01:00:00
s3,832,2026-09-15T02:00:00
s4,833,2026-09-16T03:00:00
s5,834,2026-09-17T04:00:00
s6,835,2026-09-18T05:00:00
s7,836,2026-09-19T06:00:00
s8,837,2026-09-20T07:00:00
s9,838,2026-09-21T08:00:00
s10,839,2026-09-22T09:00:00
s0,840,2026-09-23T10:00:00
s1,841,2026-09-24T11:00:00
s2,842,2026-09-25T12:00:00
s3,843,2026-09-26T13:00:00
s4,844,2026-09-27T14:00:00
s5,845,2026-09-28T15:00:00
s6,846,2026-09-01T16:00:00
s7,847,2026-09-02T17:00:00
s8,848,2026-09-03T18:00:00
s9,849,2026-09-04T19:00:00
s10,850,2026-09-05T20:00:00
s0,851,2026-09-06T21:00:00
s1,852,2026-09-07T22:00:00
s2,853,2026-09-08T23:00:00
s3,854,2026-09-09T00:00:00
s4,855,2026-09-10T01:00:00
s5,856,2026-09-11T02:00:00
s6,857,2026-09-12T03:00:00
s7,858,2026-09-13T04:00:00
s8,859,2026-09-14T05:00:00
s9,860,2026-09-15T06:00:00
s10,861,2026-09-16T07:00:00
s0,862,2026-09-17T08:00:00
s1,863,2026-09-18T09:00:00
s2,864,2026-09-19T10:00:00
s3,865,2026-09-20T11:00:00
s4,866,2026-09-21T12:00:00
s5,867,2026-09-22T13:00:00
s6,868,2026-09-23T14:00:00
s7,869,2026-09-24T15:00:00
s8,870,2026-09-25T16:00:00
s9,871,2026-09-26T17:00:00
s10,872,2026-09-27T18:00:00
s0,873,2026-09-28T19:00:00
s1,874,2026-09-01T20:00:00
s2,875,2026-09-02T21:00:00
s3,876,2026-09-03T22:00:00
s4,877,2026-09-04T23:00:00
s5,878,2026-09-05T00:00:00
s6,879,2026-09-06T01:00:00
s7,880,2026-09-07T02:00:00
s8,881,2026-09-08T03:00:00
s9,882,2026-09-09T04:00:00
s10,883,2026-09-10T05:00:00
s0,884,2026-09-11T06:00:00
s1,885,2026-09-12T07:00:00
s2,886,2026-09-13T08:00:00
s3,887,2026-09-14T09:00:00
s4,888,2026-09-15T10:00:00
s5,889,2026-09-16T11:00:00
s6,890,2026-09-17T12:00:00
s7,891,2026-09-18T13:00:00
s8,892,2026-09-19T14:00:00
s9,893,2026-09-20T15:00:00
s10,894,2026-09-21T16:00:00
s0,895,2026-09-22T17:00:00
s1,896,2026-09-23T18:00:00
s2,897,2026-09-24T19:00:00
s3,898,2026-09-25T20:00:00
s4,899,2026-09-26T21:00:00
s5,900,2026-09-27T22:00:00
s6,901,2026-09-28T23:00:00
s7,902,2026-09-01T00:00:00
s8,903,2026-09-02T01:00:00
s9,904,2026-09-03T02:00:00
s10,905,2026-09-04T03:00:00
s0,906,2026-09-05T04:00:00
s1,907,2026-09-06T05:00:00
s2,908,2026-09-07T06:00:00
s3,909,2026-09-08T07:00:00
s4,910,2026-09-09T08:00:00
s5,911,2026-09-10T09:00:00
s6,912,2026-09-11T10:00:00
s7,913,2026-09-12T11:00:00
s8,914,2026-09-13T12:00:00
s9,915,2026-09-14T13:00:00
s10,916,2026-09-15T14:00:00
s0,917,2026-09-16T15:00:00
s1,918,2026-09-17T16:00:00
s2,919,2026-09-18T17:00:00
s3,920,2026-09-19T18:00:00
s4,921,2026-09-20T19:00:00
s5,922,2026-09-21T20:00:00
s6,923,2026-09-22T21:00:00
s7,924,2026-09-23T22:00:00
s8,925,2026-09-24T23:00:00
s9,926,2026-09-25T00:00:00
s10,927,2026-09-26T01:00:00
s0,928,2026-09-27T02:00:00
s1,929,2026-09-28T03:00:00
s2,930,2026-09-01T04:00:00
s3,931,2026-09-02T05:00:00
s4,932,2026-09-03T06:00:00
s5,933,2026-09-04T07:00:00
s6,934,2026-09-05T08:00:00
s7,935,2026-09-06T09:00:00
s8,936,2026-09-07T10:00:00
s9,937,2026-09-08T11:00:00
s10,938,2026-09-09T12:00:00
s0,939,2026-09-10T13:00:00
s1,940,2026-09-11T14:00:00
s2,941,2026-09-12T15:00:00
s3,942,2026-09-13T16:00:00
s4,943,2026-09-14T17:00:00
s5,944,2026-09-15T18:00:00
s6,945,2026-09-16T19:00:00
s7,946,2026-09-17T20:00:00
s8,947,2026-09-18T21:00:00
s9,948,2026-09-19T22:00:00
s10,949,2026-09-20T23:00:00
s0,950,2026-09-21T00:00:00
s1,951,2026-09-22T01:00:00
s2,952,2026-09-23T02:00:00
s3,953,2026-09-24T03:00:00
s4,954,2026-09-25T04:00:00
s5,955,2026-09-26T05:00:00
s6,956,2026-09-27T06:00:00
s7,957,2026-09-28T07:00:00
s8,958,2026-09-01T08:00:00
s9,959,2026-09-02T09:00:00
s10,960,2026-09-03T10:00:00
s0,961,2026-09-04T11:00:00
s1,962,2026-09-05T12:00:00
s2,963,2026-09-06T13:00:00
s3,964,2026-09-07T14:00:00
s4,965,2026-09-08T15:00:00
s5,966,2026-09-09T16:00:00
s6,967,2026-09-10T17:00:00
s7,968,2026-09-11T18:00:00
s8,969,2026-09-12T19:00:00
s9,970,2026-09-13T20:00:00
s10,971,2026-09-14T21:00:00
s0,972,2026-09-15T22:00:00
s1,973,2026-09-16T23:00:00
s2,974,2026-09-17T00:00:00
s3,975,2026-09-18T01:00:00
s4,976,2026-09-19T02:00:00
s5,0,2026-09-20T03:00:00
s6,1,2026-09-21T04:00:00
s7,2,2026-09-22T05:00:00
s8,3,2026-09-23T06:00:00
s9,4,2026-09-24T07:00:00
s10,5,2026-09-25T08:00:00
s0,6,2026-09-26T09:00:00
s1,7,2026-09-27T10:00:00
s2,8,2026-09-28T11:00:00
s3,9,2026-09-01T12:00:00
s4,10,2026-09-02T13:00:00
s5,11,2026-09-03T14:00:00
s6,12,2026-09-04T15:00:00
s7,13,2026-09-05T16:00:00
s8,14,2026-09-06T17:00:00
s9,15,2026-09-07T18:00:00
s10,16,2026-09-08T19:00:00
s0,17,2026-09-09T20:00:00
s1,18,2026-09-10T21:00:00
s2,19,2026-09-11T22:00:00
s3,20,2026-09-12T23:00:00
s4,21,2026-09-13T00:00:00
s5,22,2026-09-14T01:00:00
s6,23,2026-09-15T02:00:00
s7,24,2026-09-16T03:00:00
s8,25,2026-09-17T04:00:00
s9,26,2026-09-18T05:00:00
s10,27,2026-09-19T06:00:00
s0,28,2026-09-20T07:00:00
s1,29,2026-09-21T08:00:00
s2,30,2026-09-22T09:00:00
s3,31,2026-09-23T10:00:00
s4,32,2026-09-24T11:00:00
s5,33,2026-09-25T12:00:00
s6,34,2026-09-26T13:00:00
s7,35,2026-09-27T14:00:00
s8,36,2026-09-28T15:00:00
s9,37,2026-09-01T16:00:00
s10,38,2026-09-02T17:00:00
s0,39,2026-09-03T18:00:00
s1,40,2026-09-04T19:00:00
s2,41,2026-09-05T20:00:00
s3,42,2026-09-06T21:00:00
s4,43,2026-09-07T22:00:00
s5,44,2026-09-08T23:00:00
s6,45,2026-09-09T00:00:00
s7,46,2026-09-10T01:00:00
s8,47,2026-09-11T02:00:00
s9,48,2026-09-12T03:00:00
s10,49,2026-09-13T04:00:00
s0,50,2026-09-14T05:00:00
s1,51,2026-09-15T06:00:00
s2,52,2026-09-16T07:00:00
s3,53,2026-09-17T08:00:00
s4,54,2026-09-18T09:00:00
s5,55,2026-09-19T10:00:00
s6,56,2026-09-20T11:00:00
s7,57,2026-09-21T12:00:00
s8,58,2026-09-22T13:00:00
s9,59,2026-09-23T14:00:00
s10,60,2026-09-24T15:00:00
s0,61,2026-09-25T16:00:00
s1,62,2026-09-26T17:00:00
s2,63,2026-09-27T18:00:00
s3,64,2026-09-28T19:00:00
s4,65,2026-09-01T20:00:00
s5,66,2026-09-02T21:00:00
s6,67,2026-09-03T22:00:00
s7,68,2026-09-04T23:00:00
